site_id,ecosystem,inventory_record_type,source_scale,site_name,region_source,canonical_region,latitude,longitude,coordinate_source,coordinate_status,species,habitat,substrate,year_raw,year,sample_size_n,depth_m,depth_range_m,area_measured_km2,area_modeled_km2,carbon_stock_g_m2,standing_biomass_g_m2,npp_g_m2_yr,sequestration_rate_g_m2_yr,source_id,source_short,source_url,source_location,notes,raw_workbook,raw_sheet,raw_row_number_excel
site_macroalgae_national_nordic_kelp_forests_excluding_greenland_nordic_region_3,macroalgae,national_summary,national,Nordic kelp forests (excluding Greenland),Nordic region,Unknown,,,,missing_or_aggregate,Kelp forests,Wild kelp forest,,2020 report; 2017–2020 project,2020.0,,,,,10.0,,,309.0,,src_frigstad_et_al_2020_nordic_blue_carbon_project,Frigstad et al. (2020) / Nordic Blue Carbon Project,/mnt/data/temanord2020-541-2.pdf,Table 8,"Use for synthesis, not site aggregation.",Norway_Macroalgae_Database.xlsm,National,6
site_macroalgae_national_nordic_rockweed_beds_nordic_region_4,macroalgae,national_summary,national,Nordic rockweed beds,Nordic region,Unknown,,,,missing_or_aggregate,Rockweed / Fucales,Rockweed beds,,2020 report; 2017–2020 project,2020.0,,,,,5.0,,,292.0,,src_frigstad_et_al_2020_nordic_blue_carbon_project,Frigstad et al. (2020) / Nordic Blue Carbon Project,/mnt/data/temanord2020-541-2.pdf,Table 8,Use as existing regional/national rollup.,Norway_Macroalgae_Database.xlsm,National,7
site_macroalgae_national_norway_all_macroalgae_kelp_rockweed_norway_7,macroalgae,national_summary,national,Norway all macroalgae (kelp + rockweed),Norway,Unknown,,,,missing_or_aggregate,Kelp forests + rockweed / Fucales,"All macroalgae included in Nordic Blue Carbon budget, excluding seagrass",,2020 report; derived summary row,2020.0,,,,10.0,,,,,,src_frigstad_et_al_2020_nordic_blue_carbon_project,Frigstad et al. 2020 / Nordic Blue Carbon Project,https://www.norden.org/en/publication/blue-carbon-climate-adaptation-co2-uptake-and-sequestration-carbon-nordic-blue-forests,Table 8; derived sum of Norway kelp forest and Norway rockweed rows,"Derived fields: area 7,417+3,090 km²; biomass C 4,969+927 Gg C; NPP 2,291+903 Gg C yr⁻¹; sequestration 503+117 Gg C yr⁻¹; CO₂ 1.8+0.4 Mt CO₂ yr⁻¹.",Norway_Macroalgae_Database.xlsm,National,10
site_macroalgae_national_norway_kelp_forests_gundersen_national_model_norway_0,macroalgae,national_summary,national,Norway kelp forests (Gundersen national model),Norway,Unknown,,,,missing_or_aggregate,Laminaria hyperborea plus Saccharina latissima included for standing stock estimate,Wild kelp forest,,compiled/modelled; published 2021,2021.0,630.0,,,,5.0,,,,,src_gundersen_et_al_2021,Gundersen et al. (2021),https://www.frontiersin.org/journals/marine-science/articles/10.3389/fmars.2021.578629/full,Abstract,"Source reports living biomass 56 million tonnes fresh weight, carbon standing stock 2.6 million tonnes C (9.5 million tonnes CO2), sequestration potential 0.46 million tonnes C yr^-1.",Norway_Macroalgae_Database.xlsm,National,3
site_macroalgae_national_norway_kelp_forests_nordic_blue_carbon_budget_norway_1,macroalgae,national_summary,national,Norway kelp forests (Nordic Blue Carbon budget),Norway,Unknown,,,,missing_or_aggregate,Laminaria hyperborea / Saccharina latissima,Wild kelp forest,,2020 report; 2017–2020 project,2020.0,,,,,7.0,,,309.0,,src_frigstad_et_al_2020_nordic_blue_carbon_project,Frigstad et al. (2020) / Nordic Blue Carbon Project,/mnt/data/temanord2020-541-2.pdf,Table 8; Chapter 3,Uses rates compiled/modelled in report; not site-level.,Norway_Macroalgae_Database.xlsm,National,4
site_macroalgae_national_norway_rockweed_beds_nordic_blue_carbon_budget_norway_2,macroalgae,national_summary,national,Norway rockweed beds (Nordic Blue Carbon budget),Norway,Unknown,,,,missing_or_aggregate,Rockweed / Fucales,Rockweed beds,,2020 report; 2017–2020 project,2020.0,,,,,3.0,,,292.0,,src_frigstad_et_al_2020_nordic_blue_carbon_project,Frigstad et al. (2020) / Nordic Blue Carbon Project,/mnt/data/temanord2020-541-2.pdf,Table 8,Rockweed had less empirical Norway-specific carbon data than kelp.,Norway_Macroalgae_Database.xlsm,National,5
site_macroalgae_national_norway_seaweed_aquaculture_permits_cultivation_extent_norway_8,macroalgae,national_summary,national,Norway seaweed aquaculture permits / cultivation extent,Norway,Unknown,,,,missing_or_aggregate,Saccharina latissima dominant; Alaria esculenta minor,Seaweed aquaculture / cultivated macroalgae,Farmed cultivation lines,2014–2016 permit period; 2015 production data,2014.0,,,,277.0,,,,,,src_st_vant_et_al_2017,Stévant et al. 2017,https://link.springer.com/article/10.1007/s10499-017-0120-7,Status of seaweed aquaculture in Norway; Table 1/Figure 1 discussion,"Reported: first permits in 2014; allocated seaweed cultivation surface > tripled by 2016, reaching ca. 277 ha; 28 cultivation sites concentrated in 10 municipalities; production potential ~16,000 t; 2015 output 49 t S. latissima and 2 t A. esculenta.",Norway_Macroalgae_Database.xlsm,National,11
site_macroalgae_national_norway_sugar_kelp_high_density_forest_area_norway_6,macroalgae,national_summary,national,Norway sugar kelp high-density forest area,Norway,Unknown,,,,missing_or_aggregate,Saccharina latissima,Wild kelp forest,,2020 report,2020.0,,,,,3.0,,,,,src_frigstad_et_al_2020_nordic_blue_carbon_project,Frigstad et al. (2020) / Nordic Blue Carbon Project,/mnt/data/temanord2020-541-2.pdf,Chapter 1 Table 1,Norwegian 25 m model considered more reliable than Nordic model for Norway.,Norway_Macroalgae_Database.xlsm,National,9
site_macroalgae_national_norway_tangle_kelp_high_density_forest_area_norway_5,macroalgae,national_summary,national,Norway tangle kelp high-density forest area,Norway,Unknown,,,,missing_or_aggregate,Laminaria hyperborea,Wild kelp forest,,2020 report,2020.0,,,,,3.0,,,,,src_frigstad_et_al_2020_nordic_blue_carbon_project,Frigstad et al. (2020) / Nordic Blue Carbon Project,/mnt/data/temanord2020-541-2.pdf,Chapter 1 Table 1,Norwegian 25 m model considered more reliable than Nordic model for Norway.,Norway_Macroalgae_Database.xlsm,National,8
site_macroalgae_regional_barents_sea_depth_10_m_bin_barents_sea_9,macroalgae,regional_summary,regional,Barents Sea depth 10 m bin,Barents Sea,Barents Sea,70.7,30.1,raw workbook DMS coordinates,present,Laminaria hyperborea,Wild kelp forest canopy,Hard substrate/kelp forest; non-trawled sampling areas,1991–2012 compiled field observations,1991.0,,10.0,10,,,,5.2,,,src_gundersen_et_al_2021,Gundersen et al. (2021),https://www.frontiersin.org/journals/marine-science/articles/10.3389/fmars.2021.578629/full,Table 1,Standing biomass is reported by source in kg/m²; value intentionally not converted to g/m². Table 1 also includes many morphological variables not all mapped into database columns.,Norway_Macroalgae_Database.xlsm,Regional,12
site_macroalgae_regional_barents_sea_depth_15_20_m_bin_barents_sea_14,macroalgae,regional_summary,regional,Barents Sea depth 15-20 m bin,Barents Sea,Barents Sea,70.7,30.1,raw workbook DMS coordinates,present,Laminaria hyperborea,Wild kelp forest canopy,Hard substrate/kelp forest; non-trawled sampling areas,1991–2012 compiled field observations,1991.0,,15.0,15-20,,,,2.3,,,src_gundersen_et_al_2021,Gundersen et al. (2021),https://www.frontiersin.org/journals/marine-science/articles/10.3389/fmars.2021.578629/full,Table 1,Standing biomass is reported by source in kg/m²; value intentionally not converted to g/m². Table 1 also includes many morphological variables not all mapped into database columns.,Norway_Macroalgae_Database.xlsm,Regional,17
site_macroalgae_regional_barents_sea_depth_3_5_m_bin_barents_sea_4,macroalgae,regional_summary,regional,Barents Sea depth 3-5 m bin,Barents Sea,Barents Sea,70.7,30.1,raw workbook DMS coordinates,present,Laminaria hyperborea,Wild kelp forest canopy,Hard substrate/kelp forest; non-trawled sampling areas,1991–2012 compiled field observations,1991.0,,3.0,3-5,,,,15.6,,,src_gundersen_et_al_2021,Gundersen et al. (2021),https://www.frontiersin.org/journals/marine-science/articles/10.3389/fmars.2021.578629/full,Table 1,Standing biomass is reported by source in kg/m²; value intentionally not converted to g/m². Table 1 also includes many morphological variables not all mapped into database columns.,Norway_Macroalgae_Database.xlsm,Regional,7
site_macroalgae_regional_north_sea_south_depth_10_m_bin_north_sea_south_6,macroalgae,regional_summary,regional,North Sea South depth 10 m bin,North Sea South,Norwegian Sea,58.9,5.6,raw workbook DMS coordinates,present,Laminaria hyperborea,Wild kelp forest canopy,Hard substrate/kelp forest; non-trawled sampling areas,1991–2012 compiled field observations,1991.0,,10.0,10,,,,5.3,,,src_gundersen_et_al_2021,Gundersen et al. (2021),https://www.frontiersin.org/journals/marine-science/articles/10.3389/fmars.2021.578629/full,Table 1,Standing biomass is reported by source in kg/m²; value intentionally not converted to g/m². Table 1 also includes many morphological variables not all mapped into database columns.,Norway_Macroalgae_Database.xlsm,Regional,9
site_macroalgae_regional_north_sea_south_depth_15_20_m_bin_north_sea_south_11,macroalgae,regional_summary,regional,North Sea South depth 15-20 m bin,North Sea South,Norwegian Sea,58.9,5.6,raw workbook DMS coordinates,present,Laminaria hyperborea,Wild kelp forest canopy,Hard substrate/kelp forest; non-trawled sampling areas,1991–2012 compiled field observations,1991.0,,15.0,15-20,,,,0.2,,,src_gundersen_et_al_2021,Gundersen et al. (2021),https://www.frontiersin.org/journals/marine-science/articles/10.3389/fmars.2021.578629/full,Table 1,Standing biomass is reported by source in kg/m²; value intentionally not converted to g/m². Table 1 also includes many morphological variables not all mapped into database columns.,Norway_Macroalgae_Database.xlsm,Regional,14
site_macroalgae_regional_north_sea_south_depth_3_5_m_bin_north_sea_south_1,macroalgae,regional_summary,regional,North Sea South depth 3-5 m bin,North Sea South,Norwegian Sea,58.9,5.6,raw workbook DMS coordinates,present,Laminaria hyperborea,Wild kelp forest canopy,Hard substrate/kelp forest; non-trawled sampling areas,1991–2012 compiled field observations,1991.0,,3.0,3-5,,,,7.4,,,src_gundersen_et_al_2021,Gundersen et al. (2021),https://www.frontiersin.org/journals/marine-science/articles/10.3389/fmars.2021.578629/full,Table 1,Standing biomass is reported by source in kg/m²; value intentionally not converted to g/m². Table 1 also includes many morphological variables not all mapped into database columns.,Norway_Macroalgae_Database.xlsm,Regional,4
site_macroalgae_regional_norwegian_sea_north_depth_10_m_bin_norwegian_sea_north_8,macroalgae,regional_summary,regional,Norwegian Sea North depth 10 m bin,Norwegian Sea North,Norwegian Sea,69.3,16.9,raw workbook DMS coordinates,present,Laminaria hyperborea,Wild kelp forest canopy,Hard substrate/kelp forest; non-trawled sampling areas,1991–2012 compiled field observations,1991.0,,10.0,10,,,,8.1,,,src_gundersen_et_al_2021,Gundersen et al. (2021),https://www.frontiersin.org/journals/marine-science/articles/10.3389/fmars.2021.578629/full,Table 1,Standing biomass is reported by source in kg/m²; value intentionally not converted to g/m². Table 1 also includes many morphological variables not all mapped into database columns.,Norway_Macroalgae_Database.xlsm,Regional,11
site_macroalgae_regional_norwegian_sea_north_depth_15_20_m_bin_norwegian_sea_north_13,macroalgae,regional_summary,regional,Norwegian Sea North depth 15-20 m bin,Norwegian Sea North,Norwegian Sea,69.3,16.9,raw workbook DMS coordinates,present,Laminaria hyperborea,Wild kelp forest canopy,Hard substrate/kelp forest; non-trawled sampling areas,1991–2012 compiled field observations,1991.0,,15.0,15-20,,,,3.6,,,src_gundersen_et_al_2021,Gundersen et al. (2021),https://www.frontiersin.org/journals/marine-science/articles/10.3389/fmars.2021.578629/full,Table 1,Standing biomass is reported by source in kg/m²; value intentionally not converted to g/m². Table 1 also includes many morphological variables not all mapped into database columns.,Norway_Macroalgae_Database.xlsm,Regional,16
site_macroalgae_regional_norwegian_sea_north_depth_3_5_m_bin_norwegian_sea_north_3,macroalgae,regional_summary,regional,Norwegian Sea North depth 3-5 m bin,Norwegian Sea North,Norwegian Sea,69.3,16.9,raw workbook DMS coordinates,present,Laminaria hyperborea,Wild kelp forest canopy,Hard substrate/kelp forest; non-trawled sampling areas,1991–2012 compiled field observations,1991.0,,3.0,3-5,,,,12.9,,,src_gundersen_et_al_2021,Gundersen et al. (2021),https://www.frontiersin.org/journals/marine-science/articles/10.3389/fmars.2021.578629/full,Table 1,Standing biomass is reported by source in kg/m²; value intentionally not converted to g/m². Table 1 also includes many morphological variables not all mapped into database columns.,Norway_Macroalgae_Database.xlsm,Regional,6
site_macroalgae_regional_norwegian_sea_south_depth_10_m_bin_norwegian_sea_south_7,macroalgae,regional_summary,regional,Norwegian Sea South depth 10 m bin,Norwegian Sea South,Norwegian Sea,65.7,12.1,raw workbook DMS coordinates,present,Laminaria hyperborea,Wild kelp forest canopy,Hard substrate/kelp forest; non-trawled sampling areas,1991–2012 compiled field observations,1991.0,,10.0,10,,,,12.0,,,src_gundersen_et_al_2021,Gundersen et al. (2021),https://www.frontiersin.org/journals/marine-science/articles/10.3389/fmars.2021.578629/full,Table 1,Standing biomass is reported by source in kg/m²; value intentionally not converted to g/m². Table 1 also includes many morphological variables not all mapped into database columns.,Norway_Macroalgae_Database.xlsm,Regional,10
site_macroalgae_regional_norwegian_sea_south_depth_15_20_m_bin_norwegian_sea_south_12,macroalgae,regional_summary,regional,Norwegian Sea South depth 15-20 m bin,Norwegian Sea South,Norwegian Sea,65.7,12.1,raw workbook DMS coordinates,present,Laminaria hyperborea,Wild kelp forest canopy,Hard substrate/kelp forest; non-trawled sampling areas,1991–2012 compiled field observations,1991.0,,15.0,15-20,,,,1.3,,,src_gundersen_et_al_2021,Gundersen et al. (2021),https://www.frontiersin.org/journals/marine-science/articles/10.3389/fmars.2021.578629/full,Table 1,Standing biomass is reported by source in kg/m²; value intentionally not converted to g/m². Table 1 also includes many morphological variables not all mapped into database columns.,Norway_Macroalgae_Database.xlsm,Regional,15
site_macroalgae_regional_norwegian_sea_south_depth_3_5_m_bin_norwegian_sea_south_2,macroalgae,regional_summary,regional,Norwegian Sea South depth 3-5 m bin,Norwegian Sea South,Norwegian Sea,65.7,12.1,raw workbook DMS coordinates,present,Laminaria hyperborea,Wild kelp forest canopy,Hard substrate/kelp forest; non-trawled sampling areas,1991–2012 compiled field observations,1991.0,,3.0,3-5,,,,27.2,,,src_gundersen_et_al_2021,Gundersen et al. (2021),https://www.frontiersin.org/journals/marine-science/articles/10.3389/fmars.2021.578629/full,Table 1,Standing biomass is reported by source in kg/m²; value intentionally not converted to g/m². Table 1 also includes many morphological variables not all mapped into database columns.,Norway_Macroalgae_Database.xlsm,Regional,5
site_macroalgae_regional_skagerrak_depth_10_m_bin_skagerrak_5,macroalgae,regional_summary,regional,Skagerrak depth 10 m bin,Skagerrak,Skagerrak,58.3,8.7,raw workbook DMS coordinates,present,Laminaria hyperborea,Wild kelp forest canopy,Hard substrate/kelp forest; non-trawled sampling areas,1991–2012 compiled field observations,1991.0,,10.0,10,,,,5.5,,,src_gundersen_et_al_2021,Gundersen et al. (2021),https://www.frontiersin.org/journals/marine-science/articles/10.3389/fmars.2021.578629/full,Table 1,Standing biomass is reported by source in kg/m²; value intentionally not converted to g/m². Table 1 also includes many morphological variables not all mapped into database columns.,Norway_Macroalgae_Database.xlsm,Regional,8
site_macroalgae_regional_skagerrak_depth_15_20_m_bin_skagerrak_10,macroalgae,regional_summary,regional,Skagerrak depth 15-20 m bin,Skagerrak,Skagerrak,58.3,8.7,raw workbook DMS coordinates,present,Laminaria hyperborea,Wild kelp forest canopy,Hard substrate/kelp forest; non-trawled sampling areas,1991–2012 compiled field observations,1991.0,,15.0,15-20,,,,0.4,,,src_gundersen_et_al_2021,Gundersen et al. (2021),https://www.frontiersin.org/journals/marine-science/articles/10.3389/fmars.2021.578629/full,Table 1,Standing biomass is reported by source in kg/m²; value intentionally not converted to g/m². Table 1 also includes many morphological variables not all mapped into database columns.,Norway_Macroalgae_Database.xlsm,Regional,13
site_macroalgae_regional_skagerrak_depth_3_5_m_bin_skagerrak_0,macroalgae,regional_summary,regional,Skagerrak depth 3-5 m bin,Skagerrak,Skagerrak,58.3,8.7,raw workbook DMS coordinates,present,Laminaria hyperborea,Wild kelp forest canopy,Hard substrate/kelp forest; non-trawled sampling areas,1991–2012 compiled field observations,1991.0,,3.0,3-5,,,,4.9,,,src_gundersen_et_al_2021,Gundersen et al. (2021),https://www.frontiersin.org/journals/marine-science/articles/10.3389/fmars.2021.578629/full,Table 1,Standing biomass is reported by source in kg/m²; value intentionally not converted to g/m². Table 1 also includes many morphological variables not all mapped into database columns.,Norway_Macroalgae_Database.xlsm,Regional,3
site_macroalgae_site_hammerfest_artificial_reefs_hammerfest_barents_sea_norway_25,macroalgae,case_study,site,Hammerfest artificial reefs,"Hammerfest, Barents Sea Norway",Barents Sea,,,,missing_or_aggregate,Saccharina latissima,Artificial reef colonization,Concrete and plastic tube reefs,2006–2010,2006.0,12.0,10.0,,,,,,,,src_christie_et_al_2019_summarizing_christie_2011,"Christie et al. (2019), summarizing Christie (2011)",https://www.frontiersin.org/journals/marine-science/articles/10.3389/fmars.2019.00072/full,Results text following Figure 4,Strong site-level evidence for rapid colonization on available substrate.,Norway_Macroalgae_Database.xlsm,Site_Level,28
site_macroalgae_site_kr_tt_y_northern_norway_18,macroalgae,true_point_site,site,Krøttøy,Northern Norway,Barents Sea,69.069472,16.531444,raw workbook DMS coordinates,present,Saccharina latissima,Wild kelp population genetics,,27.07.2016,2016.0,16.0,,coast; 5–10 m commonly sampled,,,,,,,src_ribeiro_et_al_2022,Ribeiro et al. (2022),https://www.frontiersin.org/journals/marine-science/articles/10.3389/fmars.2022.876420/full,Table 1 (station metadata); Table 2 (genetic diversity); sampling depth described in Methods,"Population genetics baseline; no carbon values. Table 1 gives position, sampling date and samples collected; Table 2 gives N amplified, allelic richness A(8), HE, HO, FIS. Depth notes are from sampling procedure text, not station-specific measurements.",Norway_Macroalgae_Database.xlsm,Site_Level,21
site_macroalgae_site_northern_norway_cultivated_sugar_kelp_depth_experiment_northern_norway_28,macroalgae,case_study,site,Northern Norway cultivated sugar kelp depth experiment,Northern Norway,Barents Sea,,,,missing_or_aggregate,Saccharina latissima,Cultivated kelp / aquaculture,Farmed cultivation lines,2021,2021.0,,,"1, 6, and 9 m cultivation depths",,,,,,,src_blikra_et_al_2021,Blikra et al. 2021,https://www.mdpi.com/2304-8158/10/6/1290,Methods / cultivation depth treatments,"Useful for farming/positive intervention context and food-safety constraints, not natural kelp carbon accounting.",Norway_Macroalgae_Database.xlsm,Site_Level,31
site_macroalgae_site_northern_norway_macroalgae_collection_area_near_bod_northern_norway_26,macroalgae,true_point_site,site,Northern Norway macroalgae collection area,Near Bodø / Northern Norway,Barents Sea,67.32,14.72,raw workbook DMS coordinates,present,21 macroalgae species,Wild harvested macroalgae,Intertidal or upper subtidal zone,October 2014,2014.0,5.0,,,,,,,,,src_biancarosa_et_al_2018,Biancarosa et al. (2018),https://doi.org/10.1002/jsfa.8798,Materials and Methods / sample collection,Do not enter species-specific chemical values until full tables are obtained.,Norway_Macroalgae_Database.xlsm,Site_Level,29
site_macroalgae_site_porsanger_porsangerfjord_northern_norway_20,macroalgae,true_point_site,site,Porsanger,Porsangerfjord / Northern Norway,Barents Sea,70.297278,25.2945,raw workbook DMS coordinates,present,Saccharina latissima,Wild kelp population genetics,,03.08.2016,2016.0,17.0,,coast/fjord northern site; exact sampling depth not reported in Table 1,,,,,,,src_ribeiro_et_al_2022,Ribeiro et al. (2022),https://www.frontiersin.org/journals/marine-science/articles/10.3389/fmars.2022.876420/full,Table 1 (station metadata); Table 2 (genetic diversity); sampling depth described in Methods,"Population genetics baseline; no carbon values. Table 1 gives position, sampling date and samples collected; Table 2 gives N amplified, allelic richness A(8), HE, HO, FIS. Depth notes are from sampling procedure text, not station-specific measurements.",Norway_Macroalgae_Database.xlsm,Site_Level,23
site_macroalgae_site_sommar_y_northern_norway_19,macroalgae,true_point_site,site,Sommarøy,Northern Norway,Barents Sea,69.639222,18.027917,raw workbook DMS coordinates,present,Saccharina latissima,Wild kelp population genetics,,13.08.2016,2016.0,23.0,,coast; 5–10 m commonly sampled,,,,,,,src_ribeiro_et_al_2022,Ribeiro et al. (2022),https://www.frontiersin.org/journals/marine-science/articles/10.3389/fmars.2022.876420/full,Table 1 (station metadata); Table 2 (genetic diversity); sampling depth described in Methods,"Population genetics baseline; no carbon values. Table 1 gives position, sampling date and samples collected; Table 2 gives N amplified, allelic richness A(8), HE, HO, FIS. Depth notes are from sampling procedure text, not station-specific measurements.",Norway_Macroalgae_Database.xlsm,Site_Level,22
site_macroalgae_site_b_rdholmen_hardangerfjord_7,macroalgae,true_point_site,site,Bårdholmen,Hardangerfjord,Norwegian Sea,59.896,5.202667,raw workbook DMS coordinates,present,Saccharina latissima,Wild kelp population genetics,,08.08.2017,2017.0,30.0,,fjord; S. latissima commonly <5 m,,,,,,,src_ribeiro_et_al_2022,Ribeiro et al. (2022),https://www.frontiersin.org/journals/marine-science/articles/10.3389/fmars.2022.876420/full,Table 1 (station metadata); Table 2 (genetic diversity); sampling depth described in Methods,"Population genetics baseline; no carbon values. Table 1 gives position, sampling date and samples collected; Table 2 gives N amplified, allelic richness A(8), HE, HO, FIS. Depth notes are from sampling procedure text, not station-specific measurements.",Norway_Macroalgae_Database.xlsm,Site_Level,10
site_macroalgae_site_fr_ya_mid_norway_coast_17,macroalgae,true_point_site,site,Frøya,Mid-Norway coast,Norwegian Sea,63.735389,8.845333,raw workbook DMS coordinates,present,Saccharina latissima,Wild kelp population genetics,,26.01.2017,2017.0,10.0,,coast; 5–10 m commonly sampled,,,,,,,src_ribeiro_et_al_2022,Ribeiro et al. (2022),https://www.frontiersin.org/journals/marine-science/articles/10.3389/fmars.2022.876420/full,Table 1 (station metadata); Table 2 (genetic diversity); sampling depth described in Methods,"Population genetics baseline; no carbon values. Table 1 gives position, sampling date and samples collected; Table 2 gives N amplified, allelic richness A(8), HE, HO, FIS. Depth notes are from sampling procedure text, not station-specific measurements.",Norway_Macroalgae_Database.xlsm,Site_Level,20
site_macroalgae_site_fuglsetfjorden_sognefjord_12,macroalgae,true_point_site,site,Fuglsetfjorden,Sognefjord,Norwegian Sea,61.103722,5.870111,raw workbook DMS coordinates,present,Saccharina latissima,Wild kelp population genetics,,27.04.2017,2017.0,21.0,,fjord; S. latissima commonly <5 m,,,,,,,src_ribeiro_et_al_2022,Ribeiro et al. (2022),https://www.frontiersin.org/journals/marine-science/articles/10.3389/fmars.2022.876420/full,Table 1 (station metadata); Table 2 (genetic diversity); sampling depth described in Methods,"Population genetics baseline; no carbon values. Table 1 gives position, sampling date and samples collected; Table 2 gives N amplified, allelic richness A(8), HE, HO, FIS. Depth notes are from sampling procedure text, not station-specific measurements.",Norway_Macroalgae_Database.xlsm,Site_Level,15
site_macroalgae_site_gjermundshamn_hardangerfjord_6,macroalgae,true_point_site,site,Gjermundshamn,Hardangerfjord,Norwegian Sea,60.059444,5.923333,raw workbook DMS coordinates,present,Saccharina latissima,Wild kelp population genetics,,09.11.2017,2017.0,27.0,,fjord; S. latissima commonly <5 m,,,,,,,src_ribeiro_et_al_2022,Ribeiro et al. (2022),https://www.frontiersin.org/journals/marine-science/articles/10.3389/fmars.2022.876420/full,Table 1 (station metadata); Table 2 (genetic diversity); sampling depth described in Methods,"Population genetics baseline; no carbon values. Table 1 gives position, sampling date and samples collected; Table 2 gives N amplified, allelic richness A(8), HE, HO, FIS. Depth notes are from sampling procedure text, not station-specific measurements.",Norway_Macroalgae_Database.xlsm,Site_Level,9
site_macroalgae_site_hafrsfjord_north_sea_southwest_norway_2,macroalgae,true_point_site,site,Hafrsfjord,North Sea / southwest Norway,Norwegian Sea,58.960139,5.609972,raw workbook DMS coordinates,present,Saccharina latissima,Wild kelp population genetics,,01.06.2018,2018.0,30.0,,coast; 5–10 m commonly sampled,,,,,,,src_ribeiro_et_al_2022,Ribeiro et al. (2022),https://www.frontiersin.org/journals/marine-science/articles/10.3389/fmars.2022.876420/full,Table 1 (station metadata); Table 2 (genetic diversity); sampling depth described in Methods,"Population genetics baseline; no carbon values. Table 1 gives position, sampling date and samples collected; Table 2 gives N amplified, allelic richness A(8), HE, HO, FIS. Depth notes are from sampling procedure text, not station-specific measurements.",Norway_Macroalgae_Database.xlsm,Site_Level,5
site_macroalgae_site_hardangerfjord_historical_macroalgae_resurvey_hardangerfjord_west_norway_27,macroalgae,regional_survey,site,Hardangerfjord historical macroalgae resurvey,Hardangerfjord / West Norway,Norwegian Sea,,,,missing_or_aggregate,Mixed macroalgae community,Fjord macroalgal communities,Mixed hard-bottom macroalgal habitats,1955–1956 baseline; resurvey published 2014,1955.0,22.0,,,,,,,,,src_husa_et_al_2014,Husa et al. 2014,https://doi.org/10.1080/17451000.2013.810751,Article summary / historical resurvey design,"Added as a site-group row because exact per-site numeric table was not incorporated. Use for pressure/community-change evidence, not carbon accounting.",Norway_Macroalgae_Database.xlsm,Site_Level,30
site_macroalgae_site_kilstraumen_sognefjord_9,macroalgae,true_point_site,site,Kilstraumen,Sognefjord,Norwegian Sea,60.800111,4.940278,raw workbook DMS coordinates,present,Saccharina latissima,Wild kelp population genetics,,28.04.2017,2017.0,21.0,,fjord; S. latissima commonly <5 m,,,,,,,src_ribeiro_et_al_2022,Ribeiro et al. (2022),https://www.frontiersin.org/journals/marine-science/articles/10.3389/fmars.2022.876420/full,Table 1 (station metadata); Table 2 (genetic diversity); sampling depth described in Methods,"Population genetics baseline; no carbon values. Table 1 gives position, sampling date and samples collected; Table 2 gives N amplified, allelic richness A(8), HE, HO, FIS. Depth notes are from sampling procedure text, not station-specific measurements.",Norway_Macroalgae_Database.xlsm,Site_Level,12
site_macroalgae_site_klosterfjord_hardangerfjord_3,macroalgae,true_point_site,site,Klosterfjord,Hardangerfjord,Norwegian Sea,59.781389,5.670389,raw workbook DMS coordinates,present,Saccharina latissima,Wild kelp population genetics,,10.11.2017,2017.0,29.0,,fjord; S. latissima commonly <5 m,,,,,,,src_ribeiro_et_al_2022,Ribeiro et al. (2022),https://www.frontiersin.org/journals/marine-science/articles/10.3389/fmars.2022.876420/full,Table 1 (station metadata); Table 2 (genetic diversity); sampling depth described in Methods,"Population genetics baseline; no carbon values. Table 1 gives position, sampling date and samples collected; Table 2 gives N amplified, allelic richness A(8), HE, HO, FIS. Depth notes are from sampling procedure text, not station-specific measurements.",Norway_Macroalgae_Database.xlsm,Site_Level,6
site_macroalgae_site_korsfjorden_southwest_norway_coast_8,macroalgae,true_point_site,site,Korsfjorden,Southwest Norway coast,Norwegian Sea,60.196833,5.240111,raw workbook DMS coordinates,present,Saccharina latissima,Wild kelp population genetics,,30.03.2017,2017.0,17.0,,coast; 5–10 m commonly sampled,,,,,,,src_ribeiro_et_al_2022,Ribeiro et al. (2022),https://www.frontiersin.org/journals/marine-science/articles/10.3389/fmars.2022.876420/full,Table 1 (station metadata); Table 2 (genetic diversity); sampling depth described in Methods,"Population genetics baseline; no carbon values. Table 1 gives position, sampling date and samples collected; Table 2 gives N amplified, allelic richness A(8), HE, HO, FIS. Depth notes are from sampling procedure text, not station-specific measurements.",Norway_Macroalgae_Database.xlsm,Site_Level,11
site_macroalgae_site_leikanger_sognefjord_13,macroalgae,true_point_site,site,Leikanger,Sognefjord,Norwegian Sea,61.182194,6.784806,raw workbook DMS coordinates,present,Saccharina latissima,Wild kelp population genetics,,25.04.2017,2017.0,25.0,,fjord; S. latissima commonly <5 m,,,,,,,src_ribeiro_et_al_2022,Ribeiro et al. (2022),https://www.frontiersin.org/journals/marine-science/articles/10.3389/fmars.2022.876420/full,Table 1 (station metadata); Table 2 (genetic diversity); sampling depth described in Methods,"Population genetics baseline; no carbon values. Table 1 gives position, sampling date and samples collected; Table 2 gives N amplified, allelic richness A(8), HE, HO, FIS. Depth notes are from sampling procedure text, not station-specific measurements.",Norway_Macroalgae_Database.xlsm,Site_Level,16
site_macroalgae_site_l_nefjorden_sognefjord_14,macroalgae,true_point_site,site,Lånefjorden,Sognefjord,Norwegian Sea,61.164722,6.187528,raw workbook DMS coordinates,present,Saccharina latissima,Wild kelp population genetics,,26.04.2017,2017.0,19.0,,fjord; S. latissima commonly <5 m,,,,,,,src_ribeiro_et_al_2022,Ribeiro et al. (2022),https://www.frontiersin.org/journals/marine-science/articles/10.3389/fmars.2022.876420/full,Table 1 (station metadata); Table 2 (genetic diversity); sampling depth described in Methods,"Population genetics baseline; no carbon values. Table 1 gives position, sampling date and samples collected; Table 2 gives N amplified, allelic richness A(8), HE, HO, FIS. Depth notes are from sampling procedure text, not station-specific measurements.",Norway_Macroalgae_Database.xlsm,Site_Level,17
site_macroalgae_site_north_sea_fixed_monitoring_stations_north_sea_coast_southwest_norway_23,macroalgae,regional_survey,site,North Sea fixed monitoring stations,"North Sea coast, southwest Norway",Norwegian Sea,,,,missing_or_aggregate,Saccharina latissima / turf algae,Wild sugar kelp monitoring,,2009–2016; paper includes context to 2017,2009.0,2.0,,,,,,,,,src_christie_et_al_2019,Christie et al. (2019),https://www.frontiersin.org/journals/marine-science/articles/10.3389/fmars.2019.00072/full,Results discussing Tingsholmen and Rossholmen,Use for degradation/recovery narrative rather than numeric regional aggregation.,Norway_Macroalgae_Database.xlsm,Site_Level,26
site_macroalgae_site_nyhamnarsundet_sognefjord_10,macroalgae,true_point_site,site,Nyhamnarsundet,Sognefjord,Norwegian Sea,61.005306,5.01275,raw workbook DMS coordinates,present,Saccharina latissima,Wild kelp population genetics,,28.04.2017,2017.0,22.0,,fjord; S. latissima commonly <5 m,,,,,,,src_ribeiro_et_al_2022,Ribeiro et al. (2022),https://www.frontiersin.org/journals/marine-science/articles/10.3389/fmars.2022.876420/full,Table 1 (station metadata); Table 2 (genetic diversity); sampling depth described in Methods,"Population genetics baseline; no carbon values. Table 1 gives position, sampling date and samples collected; Table 2 gives N amplified, allelic richness A(8), HE, HO, FIS. Depth notes are from sampling procedure text, not station-specific measurements.",Norway_Macroalgae_Database.xlsm,Site_Level,13
site_macroalgae_site_oppedalsvika_sognefjord_11,macroalgae,true_point_site,site,Oppedalsvika,Sognefjord,Norwegian Sea,61.059361,5.512361,raw workbook DMS coordinates,present,Saccharina latissima,Wild kelp population genetics,,27.04.2017,2017.0,20.0,,fjord; S. latissima commonly <5 m,,,,,,,src_ribeiro_et_al_2022,Ribeiro et al. (2022),https://www.frontiersin.org/journals/marine-science/articles/10.3389/fmars.2022.876420/full,Table 1 (station metadata); Table 2 (genetic diversity); sampling depth described in Methods,"Population genetics baseline; no carbon values. Table 1 gives position, sampling date and samples collected; Table 2 gives N amplified, allelic richness A(8), HE, HO, FIS. Depth notes are from sampling procedure text, not station-specific measurements.",Norway_Macroalgae_Database.xlsm,Site_Level,14
site_macroalgae_site_risnesstraumen_sognefjord_15,macroalgae,true_point_site,site,Risnesstraumen,Sognefjord,Norwegian Sea,61.147111,5.169333,raw workbook DMS coordinates,present,Saccharina latissima,Wild kelp population genetics,,27.04.2017,2017.0,21.0,,fjord; S. latissima commonly <5 m,,,,,,,src_ribeiro_et_al_2022,Ribeiro et al. (2022),https://www.frontiersin.org/journals/marine-science/articles/10.3389/fmars.2022.876420/full,Table 1 (station metadata); Table 2 (genetic diversity); sampling depth described in Methods,"Population genetics baseline; no carbon values. Table 1 gives position, sampling date and samples collected; Table 2 gives N amplified, allelic richness A(8), HE, HO, FIS. Depth notes are from sampling procedure text, not station-specific measurements.",Norway_Macroalgae_Database.xlsm,Site_Level,18
site_macroalgae_site_runde_mid_norway_coast_16,macroalgae,true_point_site,site,Runde,Mid-Norway coast,Norwegian Sea,62.398028,5.66175,raw workbook DMS coordinates,present,Saccharina latissima,Wild kelp population genetics,,21.03.2018,2018.0,24.0,,coast; 5–10 m commonly sampled,,,,,,,src_ribeiro_et_al_2022,Ribeiro et al. (2022),https://www.frontiersin.org/journals/marine-science/articles/10.3389/fmars.2022.876420/full,Table 1 (station metadata); Table 2 (genetic diversity); sampling depth described in Methods,"Population genetics baseline; no carbon values. Table 1 gives position, sampling date and samples collected; Table 2 gives N amplified, allelic richness A(8), HE, HO, FIS. Depth notes are from sampling procedure text, not station-specific measurements.",Norway_Macroalgae_Database.xlsm,Site_Level,19
site_macroalgae_site_skjerring_hardangerfjord_5,macroalgae,true_point_site,site,Skjerring,Hardangerfjord,Norwegian Sea,60.230167,6.003389,raw workbook DMS coordinates,present,Saccharina latissima,Wild kelp population genetics,,16.06.2018,2018.0,33.0,,fjord; S. latissima commonly <5 m,,,,,,,src_ribeiro_et_al_2022,Ribeiro et al. (2022),https://www.frontiersin.org/journals/marine-science/articles/10.3389/fmars.2022.876420/full,Table 1 (station metadata); Table 2 (genetic diversity); sampling depth described in Methods,"Population genetics baseline; no carbon values. Table 1 gives position, sampling date and samples collected; Table 2 gives N amplified, allelic richness A(8), HE, HO, FIS. Depth notes are from sampling procedure text, not station-specific measurements.",Norway_Macroalgae_Database.xlsm,Site_Level,8
site_macroalgae_site_solesnes_hardangerfjord_4,macroalgae,true_point_site,site,Solesnes,Hardangerfjord,Norwegian Sea,60.305444,6.280417,raw workbook DMS coordinates,present,Saccharina latissima,Wild kelp population genetics,,08.11.2017,2017.0,22.0,,fjord; S. latissima commonly <5 m,,,,,,,src_ribeiro_et_al_2022,Ribeiro et al. (2022),https://www.frontiersin.org/journals/marine-science/articles/10.3389/fmars.2022.876420/full,Table 1 (station metadata); Table 2 (genetic diversity); sampling depth described in Methods,"Population genetics baseline; no carbon values. Table 1 gives position, sampling date and samples collected; Table 2 gives N amplified, allelic richness A(8), HE, HO, FIS. Depth notes are from sampling procedure text, not station-specific measurements.",Norway_Macroalgae_Database.xlsm,Site_Level,7
site_macroalgae_site_outer_oslofjord_outer_oslofjord_skagerrak_0,macroalgae,true_point_site,site,Outer Oslofjord,Outer Oslofjord / Skagerrak,Skagerrak,58.988722,10.923833,raw workbook DMS coordinates,present,Saccharina latissima,Wild kelp population genetics,,20.08.2017,2017.0,30.0,,coast; 5–10 m commonly sampled,,,,,,,src_ribeiro_et_al_2022,Ribeiro et al. (2022),https://www.frontiersin.org/journals/marine-science/articles/10.3389/fmars.2022.876420/full,Table 1 (station metadata); Table 2 (genetic diversity); sampling depth described in Methods,"Population genetics baseline; no carbon values. Table 1 gives position, sampling date and samples collected; Table 2 gives N amplified, allelic richness A(8), HE, HO, FIS. Depth notes are from sampling procedure text, not station-specific measurements.",Norway_Macroalgae_Database.xlsm,Site_Level,3
site_macroalgae_site_skagerrak_fixed_monitoring_stations_skagerrak_22,macroalgae,regional_survey,site,Skagerrak fixed monitoring stations,Skagerrak,Skagerrak,,,,missing_or_aggregate,Saccharina latissima / turf algae,Wild sugar kelp monitoring,,2009–2016; paper includes context to 2017,2009.0,10.0,,,,,,,,,src_christie_et_al_2019,Christie et al. (2019),https://www.frontiersin.org/journals/marine-science/articles/10.3389/fmars.2019.00072/full,Results; Table 1 caption; Figure 3 caption,"Potential next step: manually transcribe Table 1 only if needed, but avoid digitizing lines.",Norway_Macroalgae_Database.xlsm,Site_Level,25
site_macroalgae_site_southern_norway_sugar_kelp_survey_skagerrak_and_north_sea_coast_21,macroalgae,regional_survey,site,Southern Norway sugar kelp survey,Skagerrak and North Sea coast,Skagerrak,,,,missing_or_aggregate,Saccharina latissima / turf algae,Wild sugar kelp monitoring,"Rocky bottoms; bedrock, boulders, stones",2005–2008,2005.0,600.0,5.0,mainly 0–20 m transects; 5–6 m used for comparisons,,,,,,,src_christie_et_al_2019,Christie et al. (2019),https://www.frontiersin.org/journals/marine-science/articles/10.3389/fmars.2019.00072/full,Abstract; Data Compilation and Analysis; Figure 2 caption,"Use this as degradation/pressure evidence, not site carbon.",Norway_Macroalgae_Database.xlsm,Site_Level,24
site_macroalgae_site_s_gne_skagerrak_1,macroalgae,true_point_site,site,Søgne,Skagerrak,Skagerrak,58.073583,7.837028,raw workbook DMS coordinates,present,Saccharina latissima,Wild kelp population genetics,,13.12.2016,2016.0,10.0,,coast; 5–10 m commonly sampled,,,,,,,src_ribeiro_et_al_2022,Ribeiro et al. (2022),https://www.frontiersin.org/journals/marine-science/articles/10.3389/fmars.2022.876420/full,Table 1 (station metadata); Table 2 (genetic diversity); sampling depth described in Methods,"Population genetics baseline; no carbon values. Table 1 gives position, sampling date and samples collected; Table 2 gives N amplified, allelic richness A(8), HE, HO, FIS. Depth notes are from sampling procedure text, not station-specific measurements.",Norway_Macroalgae_Database.xlsm,Site_Level,4
site_macroalgae_site_sea_urchin_removal_recolonization_site_small_isolated_island_source_leinaas_christie_1996_summarized_in_christie_et_al_2019_24,macroalgae,case_study,site,Sea urchin removal recolonization site,Small isolated island; source Leinaas & Christie (1996) summarized in Christie et al. 2019,Unknown,,,,missing_or_aggregate,Saccharina latissima,Recovery after urchin removal,Available hard substrate after urchin removal,1988–1989 removal; observed early summer after recruitment,1988.0,,,,,,,,,,src_christie_et_al_2019_summarizing_leinaas_christie_1996,"Christie et al. (2019), summarizing Leinaas & Christie (1996)",https://www.frontiersin.org/journals/marine-science/articles/10.3389/fmars.2019.00072/full,Figure 4 caption and Results text,Useful for restoration/positive intervention section.,Norway_Macroalgae_Database.xlsm,Site_Level,27
site_seagrass_national_gagnon_et_al_2024_gagnon_et_al_2024_2,seagrass,national_summary,national,Gagnon et al 2024,Gagnon et al 2024,Unknown,,,,not_applicable_aggregate,Zostera marina,,European Marine Observation and Data Network (EMODnet Geology). (2026). Seabed sedimentation rates dataset (WP3 Seabed Substrate). Geological Survey of Finland.,Gagnon et al 2024,2024.0,2024.0,2024.0,,2022.0,2022.0,2024.0,,2020.0,2020.0,src_seagrass_workbook_synthesis,Norway seagrass workbook synthesis,https://www.nature.com/articles/s41598-024-74760-3,National sheet,,Norway_Seagrass_ Master_Database (4).xlsx,National,5
site_seagrass_national_notes_notes_3,seagrass,national_summary,national,NOTES,NOTES,Unknown,,,,not_applicable_aggregate,Zostera marina,,,,,,,,,,,,,,src_seagrass_workbook_synthesis,Norway seagrass workbook synthesis,https://www.nature.com/articles/s41598-024-74760-3,National sheet,,Norway_Seagrass_ Master_Database (4).xlsx,National,6
site_seagrass_national_norway_norway_0,seagrass,national_summary,national,Norway,Norway,Unknown,,,,not_applicable_aggregate,Zostera marina,,Mud,2015–2022,2015.0,11.0,1.82,,60.0,90.0,3920.293,,29.0,51.0,src_seagrass_workbook_synthesis,Norway seagrass workbook synthesis,https://www.nature.com/articles/s41598-024-74760-3,National sheet,"Uncertainty at the national level reflects the combination of multiple data sources with differing methodologies, spatial resolutions, and levels of empirical support. The national dataset integrates bottom-up estimates derived from site-level aggregation with top-down indicators from synthesis reports and spatial databases (e.g., EMODnet, Frigstad et al., 2020). These data sources are not directly comparable, as site-based measurements represent localized ecological conditions, while national-scale estimates often rely on modeling, extrapolation, or synthesis across heterogeneous datasets. Furthermore, the absence of regionally resolved extent data prevented the use of area-weighted averaging, meaning national values should be interpreted as unweighted means across regions rather than true national totals. Finally, substantial data gaps remain for several variables, particularly carbon fluxes, ecosystem co-benefits, and certain anthropogenic pressures. These uncertainties are consistent with broader limitations identified in blue carbon accounting frameworks, where incomplete data and methodological inconsistencies constrain the integration of coastal ecosystems into national greenhouse gas inventories (IPCC, 2019; Macreadie et al., 2019). At the national level, there is high confidence that Norwegian eelgrass systems store substantial sediment carbon; however, there is considerably lower confidence in the magnitude and permanence of ongoing sequestration. National-scale sequestration estimates are derived primarily from synthesis and extrapolation rather than direct measurement, and uncertainties in carbon export pathways, remineralization, and disturbance-driven release remain significant (IPCC, 2019; Krause-Jensen & Duarte, 2016). Overall, the evidence base provides high confidence in carbon storage but only moderate to low confidence in quantifying active sequestration and long-term carbon permanence.",Norway_Seagrass_ Master_Database (4).xlsx,National,3
site_seagrass_national_sources_of_data_sources_of_data_1,seagrass,national_summary,national,SOURCES OF DATA:,SOURCES OF DATA:,Unknown,,,,not_applicable_aggregate,Zostera marina,,,,,,,,,,,,,,src_seagrass_workbook_synthesis,Norway seagrass workbook synthesis,https://www.nature.com/articles/s41598-024-74760-3,National sheet,,Norway_Seagrass_ Master_Database (4).xlsx,National,4
site_seagrass_regional_north_barents_sea_north_barents_sea_1,seagrass,regional_summary,regional,North (Barents Sea),North (Barents Sea),Barents Sea,,,,not_applicable_aggregate,Zostera marina,Corse sand/gravel,Corse sand/gravel,2022–2022,2022.0,1.0,0.2,,,,112.48,,,,src_seagrass_workbook_synthesis,Norway seagrass workbook synthesis,https://www.nature.com/articles/s41598-024-74760-3,Regional sheet,,Norway_Seagrass_ Master_Database (4).xlsx,Regional,4
site_seagrass_regional_west_norwegian_sea_west_norwegian_sea_0,seagrass,regional_summary,regional,West (Norwegian Sea),West (Norwegian Sea),Norwegian Sea,,,,not_applicable_aggregate,Zostera marina,Sand,Sand,2015–2015,2015.0,1.0,1.0,,,,4000.0,,,,src_seagrass_workbook_synthesis,Norway seagrass workbook synthesis,https://www.nature.com/articles/s41598-024-74760-3,Regional sheet,"Uncertainty at the regional level arises from the aggregation of limited site-level observations and uneven spatial coverage across regions. The regional dataset is derived from a small number of sampled sites, with some regions (e.g., Norwegian Sea, Barents Sea) represented by only a single location. As a result, regional means may not fully capture the ecological variability within each system. Additionally, aggregation across site-depth observations introduces sensitivity to sampling structure, as regions with more intensive sampling may exert disproportionate influence on summary statistics. More broadly, the lack of region-specific data for key variables such as sequestration rates, biodiversity metrics, and anthropogenic pressures limits the ability to construct fully representative regional profiles. These limitations reflect a well-documented challenge in blue carbon science, where spatial data scarcity and uneven monitoring effort constrain scaling from local observations to broader spatial units (Macreadie et al., 2019). At the regional scale, uncertainty is further amplified by the absence of spatially resolved carbon flux data, meaning that while carbon storage is clearly demonstrated, the extent to which these systems function as active carbon sinks remains uncertain. This distinction is critical, as sequestration depends on continued burial and long-term retention rather than the presence of existing sediment carbon stocks.",Norway_Seagrass_ Master_Database (4).xlsx,Regional,3
site_seagrass_regional_south_east_oslofjord_south_east_oslofjord_2,seagrass,regional_summary,regional,South East (Oslofjord),South East (Oslofjord),Oslofjord,,,,not_applicable_aggregate,Zostera marina,Muddy sand,Muddy sand,2017–2018,2017.0,3.0,2.33,,,,6577.8,,,,src_seagrass_workbook_synthesis,Norway seagrass workbook synthesis,https://www.nature.com/articles/s41598-024-74760-3,Regional sheet,,Norway_Seagrass_ Master_Database (4).xlsx,Regional,5
site_seagrass_regional_south_west_skagerrak_south_west_skagerrak_3,seagrass,regional_summary,regional,South West (Skagerrak),South West (Skagerrak),Skagerrak,,,,not_applicable_aggregate,Zostera marina,Mixed Mud + sand,Mixed Mud + sand,2017–2017,2017.0,6.0,3.75,,,,4990.89,,,,src_seagrass_workbook_synthesis,Norway seagrass workbook synthesis,https://www.nature.com/articles/s41598-024-74760-3,Regional sheet,,Norway_Seagrass_ Master_Database (4).xlsx,Regional,6
site_seagrass_regional_gagnon_et_al_2024_gagnon_et_al_2024_5,seagrass,regional_summary,regional,Gagnon et al 2024,Gagnon et al 2024,Unknown,,,,not_applicable_aggregate,Zostera marina,Gagnon et al 2024,Gagnon et al 2024,Gagnon et al 2024,2024.0,2024.0,2024.0,,,,2024.0,,,,src_seagrass_workbook_synthesis,Norway seagrass workbook synthesis,https://www.nature.com/articles/s41598-024-74760-3,Regional sheet,,Norway_Seagrass_ Master_Database (4).xlsx,Regional,8
site_seagrass_regional_kobbev_gen_kobbev_gen_8,seagrass,regional_summary,regional,Kobbevågen,Kobbevågen,Unknown,,,,not_applicable_aggregate,Zostera marina,,,2023 (2009 baseline comparison),2023.0,1027.0,,,,,,,,,src_seagrass_workbook_synthesis,Norway seagrass workbook synthesis,https://www.nature.com/articles/s41598-024-74760-3,Regional sheet,,Norway_Seagrass_ Master_Database (4).xlsx,Regional,11
site_seagrass_regional_kristiansen_2024_kristiansen_2024_9,seagrass,regional_summary,regional,Kristiansen 2024,Kristiansen 2024,Unknown,,,,not_applicable_aggregate,Zostera marina,,,,,,,,,,,,,,src_seagrass_workbook_synthesis,Norway seagrass workbook synthesis,https://www.nature.com/articles/s41598-024-74760-3,Regional sheet,,Norway_Seagrass_ Master_Database (4).xlsx,Regional,12
site_seagrass_regional_north_balsfjord_case_study_north_balsfjord_case_study_6,seagrass,regional_summary,regional,North (Balsfjord case study):,North (Balsfjord case study):,Unknown,,,,not_applicable_aggregate,Zostera marina,,,"Sørkjosleira (declining MPA site) → extent loss, higher nutrients, worse condition VS. Kobbevågen (recovering MPA site) → extent increase, better condition",,,,,,,,,,,src_seagrass_workbook_synthesis,Norway seagrass workbook synthesis,https://www.nature.com/articles/s41598-024-74760-3,Regional sheet,,Norway_Seagrass_ Master_Database (4).xlsx,Regional,9
site_seagrass_regional_s_rkjosleira_s_rkjosleira_7,seagrass,regional_summary,regional,Sørkjosleira,Sørkjosleira,Unknown,,,,not_applicable_aggregate,Zostera marina,,,2023 (2009 baseline comparison),2023.0,1027.0,,,,,,,,,src_seagrass_workbook_synthesis,Norway seagrass workbook synthesis,https://www.nature.com/articles/s41598-024-74760-3,Regional sheet,,Norway_Seagrass_ Master_Database (4).xlsx,Regional,10
site_seagrass_site_porsanger_north_barents_sea_5,seagrass,true_point_site,site,Porsanger,North (Barents Sea),Barents Sea,70.112,25.232,Gagnon et al. 2024 supplementary Table S1 (MOESM2_ESM.docx),present,Zostera marina,Eelgrass / unvegetated comparison,Coarse sand/gravel,2022,2022.0,3.0,0.2,0.2 m,,,112.48,,,,src_gagnon_et_al_2024,Gagnon et al. 2024,https://www.nature.com/articles/s41598-024-74760-3,Site level sheet; coordinates transcribed from supplement,Grouped from seagrass site-level rows; one row per named site.,Norway_Seagrass_ Master_Database (4).xlsx,Site level,
site_seagrass_site_r_vik_west_norwegian_sea_6,seagrass,true_point_site,site,Røvik,West (Norwegian Sea),Norwegian Sea,67.215,15.008,Gagnon et al. 2024 supplementary Table S1 (MOESM2_ESM.docx),present,Zostera marina,Eelgrass / unvegetated comparison,Sand,2015,2015.0,3.0,1.0,1 m,,,4000.0,,,,src_gagnon_et_al_2024_rohr_et_al_2018,Gagnon et al. 2024; Rohr et al 2018,https://www.nature.com/articles/s41598-024-74760-3,Site level sheet; coordinates transcribed from supplement,Grouped from seagrass site-level rows; one row per named site.,Norway_Seagrass_ Master_Database (4).xlsx,Site level,
site_seagrass_site_kapellkilen_south_east_oslofjord_2,seagrass,true_point_site,site,Kapellkilen,South East (Oslofjord),Oslofjord,59.666,10.587,Gagnon et al. 2024 supplementary Table S1 (MOESM2_ESM.docx),present,Zostera marina,Eelgrass / unvegetated comparison,Muddy sand,2017-2018,2017.0,5.0,3.25,1.5-6 m,,,5730.3475,,,,src_gagnon_et_al_2024,Gagnon et al. 2024,https://www.nature.com/articles/s41598-024-74760-3,Site level sheet; coordinates transcribed from supplement,Grouped from seagrass site-level rows; one row per named site.,Norway_Seagrass_ Master_Database (4).xlsx,Site level,
site_seagrass_site_sandspollen_south_east_oslofjord_7,seagrass,true_point_site,site,Sandspollen,South East (Oslofjord),Oslofjord,59.663,10.59,Gagnon et al. 2024 supplementary Table S1 (MOESM2_ESM.docx),present,Zostera marina,Eelgrass / unvegetated comparison,Muddy sand,2018,2018.0,2.0,4.85,3.7-6 m,,,3554.995,,,,src_gagnon_et_al_2024,Gagnon et al. 2024,https://www.nature.com/articles/s41598-024-74760-3,Site level sheet; coordinates transcribed from supplement,Grouped from seagrass site-level rows; one row per named site.,Norway_Seagrass_ Master_Database (4).xlsx,Site level,
site_seagrass_site_hove_south_west_skagerrak_1,seagrass,true_point_site,site,Hove,South West (Skagerrak),Skagerrak,58.448,8.818,Gagnon et al. 2024 supplementary Table S1 (MOESM2_ESM.docx),present,Zostera marina,Eelgrass / unvegetated comparison,"Fine mud, Mud",2017,2017.0,7.0,3.0,3 m,,,5991.13,,,,src_gagnon_et_al_2024,Gagnon et al. 2024,https://www.nature.com/articles/s41598-024-74760-3,Site level sheet; coordinates transcribed from supplement,Grouped from seagrass site-level rows; one row per named site.,Norway_Seagrass_ Master_Database (4).xlsx,Site level,
site_seagrass_site_langerompa_south_west_skagerrak_3,seagrass,true_point_site,site,Langerompa,South West (Skagerrak),Skagerrak,58.431,8.801,Gagnon et al. 2024 supplementary Table S1 (MOESM2_ESM.docx),present,Zostera marina,Eelgrass / unvegetated comparison,"Coarse sand/gravel, Mud",2017,2017.0,10.0,5.25,3-7.5 m,,,4101.592500000001,,,,src_gagnon_et_al_2024,Gagnon et al. 2024,https://www.nature.com/articles/s41598-024-74760-3,Site level sheet; coordinates transcribed from supplement,Grouped from seagrass site-level rows; one row per named site.,Norway_Seagrass_ Master_Database (4).xlsx,Site level,
site_seagrass_site_merd_south_west_skagerrak_4,seagrass,true_point_site,site,Merdø,South West (Skagerrak),Skagerrak,58.428,8.808,Gagnon et al. 2024 supplementary Table S1 (MOESM2_ESM.docx),present,Zostera marina,Eelgrass / unvegetated comparison,Sand,2017,2017.0,6.0,3.0,3 m,,,292.645,,,,src_gagnon_et_al_2024,Gagnon et al. 2024,https://www.nature.com/articles/s41598-024-74760-3,Site level sheet; coordinates transcribed from supplement,Grouped from seagrass site-level rows; one row per named site.,Norway_Seagrass_ Master_Database (4).xlsx,Site level,
site_seagrass_site_s_mskilen_south_west_skagerrak_8,seagrass,true_point_site,site,Sømskilen,South West (Skagerrak),Skagerrak,58.404,8.714,Gagnon et al. 2024 supplementary Table S1 (MOESM2_ESM.docx),present,Zostera marina,Eelgrass / unvegetated comparison,Muddy sand,2017,2017.0,6.0,3.0,3 m,,,7805.13,,,,src_gagnon_et_al_2024,Gagnon et al. 2024,https://www.nature.com/articles/s41598-024-74760-3,Site level sheet; coordinates transcribed from supplement,Grouped from seagrass site-level rows; one row per named site.,Norway_Seagrass_ Master_Database (4).xlsx,Site level,
site_seagrass_site_r_ya_south_west_skagerrak_9,seagrass,true_point_site,site,Ærøya,South West (Skagerrak),Skagerrak,58.417,8.763,Gagnon et al. 2024 supplementary Table S1 (MOESM2_ESM.docx),present,Zostera marina,Eelgrass / unvegetated comparison,Coarse sand/gravel,2017,2017.0,5.0,3.0,3 m,,,369.755,,,,src_gagnon_et_al_2024,Gagnon et al. 2024,https://www.nature.com/articles/s41598-024-74760-3,Site level sheet; coordinates transcribed from supplement,Grouped from seagrass site-level rows; one row per named site.,Norway_Seagrass_ Master_Database (4).xlsx,Site level,
