TILL_NR,ORG.NR/PERS.NR,NAVN,ADRESSE,POSTNR,POSTSTED,TILDELINGSTIDSPUNKT,TIDSBEGRENSET,TILL_KOMNR,TILL_KOM,FORMÅL,PRODUKSJONSFORM,ART,ART_KODE,TILL_KAP,TILL_ENHET,TILL_OPPRINNELIG_KAP,TILL_OPPRINNELIG_KAP_ENHET,LOK_NR,LOK_NAVN,LOK_KOMNR,LOK_KOM,LOK_PLASS,VANNMILJØ,LOK_KAP,LOK_ENHET,UTGÅR_DATO,N_GEOWGS84,Ø_GEOWGS84,PROD_OMR,lat_dd,lon_dd
A F 0003,855869942,NORSK INSTITUTT FOR VANNFORSKNING STI,ØKERNVEIEN 94,0579,OSLO,01-06-2017,,3214,FROGN,KOMMERSIELL,SETTEFISK,Torsk,102205,3.70,TN,3.70,TN,10173,SOLBERGSTRAND,3214,FROGN,LAND,FERSKVANN/SALTVANN,7.50,TN,,59.615783,10.652650,,59.615783,10.65265
A F 0003,855869942,NORSK INSTITUTT FOR VANNFORSKNING STI,ØKERNVEIEN 94,0579,OSLO,01-06-2017,,3214,FROGN,KOMMERSIELL,SETTEFISK,Kveite,231101,0.00,TN,3.70,TN,10173,SOLBERGSTRAND,3214,FROGN,LAND,FERSKVANN/SALTVANN,7.50,TN,,59.615783,10.652650,,59.615783,10.65265
A F 0004,855869942,NORSK INSTITUTT FOR VANNFORSKNING STI,ØKERNVEIEN 94,0579,OSLO,01-06-2017,,3214,FROGN,KOMMERSIELL,STAMFISK,Torsk,102205,3.70,TN,3.70,TN,10173,SOLBERGSTRAND,3214,FROGN,LAND,FERSKVANN/SALTVANN,7.50,TN,,59.615783,10.652650,,59.615783,10.65265
A F 0004,855869942,NORSK INSTITUTT FOR VANNFORSKNING STI,ØKERNVEIEN 94,0579,OSLO,01-06-2017,,3214,FROGN,KOMMERSIELL,STAMFISK,Kveite,231101,0.00,TN,3.70,TN,10173,SOLBERGSTRAND,3214,FROGN,LAND,FERSKVANN/SALTVANN,7.50,TN,,59.615783,10.652650,,59.615783,10.65265
A FN 0001,855869942,NORSK INSTITUTT FOR VANNFORSKNING STI,ØKERNVEIEN 94,0579,OSLO,26-08-2025,,3214,FROGN,KOMMERSIELL,MATFISK,Laks,071101,3.80,TN,3.80,TN,10173,SOLBERGSTRAND,3214,FROGN,LAND,FERSKVANN/SALTVANN,7.50,TN,,59.615783,10.652650,,59.615783,10.65265
A FN 0001,855869942,NORSK INSTITUTT FOR VANNFORSKNING STI,ØKERNVEIEN 94,0579,OSLO,26-08-2025,,3214,FROGN,KOMMERSIELL,MATFISK,Ørret,071301,0.00,TN,3.80,TN,10173,SOLBERGSTRAND,3214,FROGN,LAND,FERSKVANN/SALTVANN,7.50,TN,,59.615783,10.652650,,59.615783,10.65265
A FN 0001,855869942,NORSK INSTITUTT FOR VANNFORSKNING STI,ØKERNVEIEN 94,0579,OSLO,26-08-2025,,3214,FROGN,KOMMERSIELL,MATFISK,Regnbueørret,071401,0.00,TN,3.80,TN,10173,SOLBERGSTRAND,3214,FROGN,LAND,FERSKVANN/SALTVANN,7.50,TN,,59.615783,10.652650,,59.615783,10.65265
AA A 0003,971349077,HAVFORSKNINGSINSTITUTTET,POSTBOKS 1870 NORDNES,5817,BERGEN,21-09-2004,,4203,ARENDAL,KOMMERSIELL,STAMFISK,Laks,071101,1.00,TN,1.00,TN,23015,FLØDEVIGEN,4203,ARENDAL,LAND,FERSKVANN/SALTVANN,19.00,TN,,58.424515,8.756882,,58.424515,8.756882
AA A 0003,971349077,HAVFORSKNINGSINSTITUTTET,POSTBOKS 1870 NORDNES,5817,BERGEN,21-09-2004,,4203,ARENDAL,KOMMERSIELL,STAMFISK,Ørret,071301,0.00,TN,1.00,TN,23015,FLØDEVIGEN,4203,ARENDAL,LAND,FERSKVANN/SALTVANN,19.00,TN,,58.424515,8.756882,,58.424515,8.756882
AA A 0003,971349077,HAVFORSKNINGSINSTITUTTET,POSTBOKS 1870 NORDNES,5817,BERGEN,21-09-2004,,4203,ARENDAL,KOMMERSIELL,STAMFISK,Regnbueørret,071401,0.00,TN,1.00,TN,23015,FLØDEVIGEN,4203,ARENDAL,LAND,FERSKVANN/SALTVANN,19.00,TN,,58.424515,8.756882,,58.424515,8.756882
AA A 0003,971349077,HAVFORSKNINGSINSTITUTTET,POSTBOKS 1870 NORDNES,5817,BERGEN,21-09-2004,,4203,ARENDAL,KOMMERSIELL,SETTEFISK,Laks,071101,1.00,TN,1.00,TN,23015,FLØDEVIGEN,4203,ARENDAL,LAND,FERSKVANN/SALTVANN,19.00,TN,,58.424515,8.756882,,58.424515,8.756882
AA A 0003,971349077,HAVFORSKNINGSINSTITUTTET,POSTBOKS 1870 NORDNES,5817,BERGEN,21-09-2004,,4203,ARENDAL,KOMMERSIELL,SETTEFISK,Ørret,071301,0.00,TN,1.00,TN,23015,FLØDEVIGEN,4203,ARENDAL,LAND,FERSKVANN/SALTVANN,19.00,TN,,58.424515,8.756882,,58.424515,8.756882
AA A 0003,971349077,HAVFORSKNINGSINSTITUTTET,POSTBOKS 1870 NORDNES,5817,BERGEN,21-09-2004,,4203,ARENDAL,KOMMERSIELL,SETTEFISK,Regnbueørret,071401,0.00,TN,1.00,TN,23015,FLØDEVIGEN,4203,ARENDAL,LAND,FERSKVANN/SALTVANN,19.00,TN,,58.424515,8.756882,,58.424515,8.756882
AA A 0004,971349077,HAVFORSKNINGSINSTITUTTET,POSTBOKS 1870 NORDNES,5817,BERGEN,01-09-2004,,4203,ARENDAL,KOMMERSIELL,SETTEFISK,Torsk,102205,0.00,TN,9.33,TN,23015,FLØDEVIGEN,4203,ARENDAL,LAND,FERSKVANN/SALTVANN,19.00,TN,,58.424515,8.756882,,58.424515,8.756882
AA A 0004,971349077,HAVFORSKNINGSINSTITUTTET,POSTBOKS 1870 NORDNES,5817,BERGEN,01-09-2004,,4203,ARENDAL,KOMMERSIELL,SETTEFISK,Sei,103201,0.00,TN,9.33,TN,23015,FLØDEVIGEN,4203,ARENDAL,LAND,FERSKVANN/SALTVANN,19.00,TN,,58.424515,8.756882,,58.424515,8.756882
AA A 0004,971349077,HAVFORSKNINGSINSTITUTTET,POSTBOKS 1870 NORDNES,5817,BERGEN,01-09-2004,,4203,ARENDAL,KOMMERSIELL,SETTEFISK,Kveite,231101,0.00,TN,9.33,TN,23015,FLØDEVIGEN,4203,ARENDAL,LAND,FERSKVANN/SALTVANN,19.00,TN,,58.424515,8.756882,,58.424515,8.756882
AA A 0006,971349077,HAVFORSKNINGSINSTITUTTET,POSTBOKS 1870 NORDNES,5817,BERGEN,01-09-2004,,4203,ARENDAL,KOMMERSIELL,STAMFISK,Torsk,102205,0.00,TN,4.67,TN,23015,FLØDEVIGEN,4203,ARENDAL,LAND,FERSKVANN/SALTVANN,19.00,TN,,58.424515,8.756882,,58.424515,8.756882
AA A 0006,971349077,HAVFORSKNINGSINSTITUTTET,POSTBOKS 1870 NORDNES,5817,BERGEN,01-09-2004,,4203,ARENDAL,KOMMERSIELL,STAMFISK,Sei,103201,0.00,TN,4.67,TN,23015,FLØDEVIGEN,4203,ARENDAL,LAND,FERSKVANN/SALTVANN,19.00,TN,,58.424515,8.756882,,58.424515,8.756882
AA A 0006,971349077,HAVFORSKNINGSINSTITUTTET,POSTBOKS 1870 NORDNES,5817,BERGEN,01-09-2004,,4203,ARENDAL,KOMMERSIELL,STAMFISK,Kveite,231101,0.00,TN,4.67,TN,23015,FLØDEVIGEN,4203,ARENDAL,LAND,FERSKVANN/SALTVANN,19.00,TN,,58.424515,8.756882,,58.424515,8.756882
AG FS 0003,921958390,LISTA LAKS AS,STRANDGATEN 18,4550,FARSUND,21-05-2024,,4206,FARSUND,KOMMERSIELL,MATFISK,Laks,071101,6000.00,TN,6000.00,TN,45217,LISTA FLY- OG NÆRINGSPARK,4206,FARSUND,LAND,FERSKVANN/SALTVANN,6000.00,TN,,58.108354,6.626000,,58.108354,6.626
AG FS 0003,921958390,LISTA LAKS AS,STRANDGATEN 18,4550,FARSUND,21-05-2024,,4206,FARSUND,KOMMERSIELL,MATFISK,Ørret,071301,0.00,TN,6000.00,TN,45217,LISTA FLY- OG NÆRINGSPARK,4206,FARSUND,LAND,FERSKVANN/SALTVANN,6000.00,TN,,58.108354,6.626000,,58.108354,6.626
AG FS 0003,921958390,LISTA LAKS AS,STRANDGATEN 18,4550,FARSUND,21-05-2024,,4206,FARSUND,KOMMERSIELL,MATFISK,Regnbueørret,071401,0.00,TN,6000.00,TN,45217,LISTA FLY- OG NÆRINGSPARK,4206,FARSUND,LAND,FERSKVANN/SALTVANN,6000.00,TN,,58.108354,6.626000,,58.108354,6.626
AG FS 0004,921958390,LISTA LAKS AS,STRANDGATEN 18,4550,FARSUND,21-05-2024,,4206,FARSUND,KOMMERSIELL,SETTEFISK,Laks,071101,6000.00,TN,6000.00,TN,45217,LISTA FLY- OG NÆRINGSPARK,4206,FARSUND,LAND,FERSKVANN/SALTVANN,6000.00,TN,,58.108354,6.626000,,58.108354,6.626
AG FS 0004,921958390,LISTA LAKS AS,STRANDGATEN 18,4550,FARSUND,21-05-2024,,4206,FARSUND,KOMMERSIELL,SETTEFISK,Ørret,071301,0.00,TN,6000.00,TN,45217,LISTA FLY- OG NÆRINGSPARK,4206,FARSUND,LAND,FERSKVANN/SALTVANN,6000.00,TN,,58.108354,6.626000,,58.108354,6.626
AG FS 0004,921958390,LISTA LAKS AS,STRANDGATEN 18,4550,FARSUND,21-05-2024,,4206,FARSUND,KOMMERSIELL,SETTEFISK,Regnbueørret,071401,0.00,TN,6000.00,TN,45217,LISTA FLY- OG NÆRINGSPARK,4206,FARSUND,LAND,FERSKVANN/SALTVANN,6000.00,TN,,58.108354,6.626000,,58.108354,6.626
F H 0037,913688899,NORSEA POLARBASE AS,HAVNEVEIEN 50,9610,RYPEFJORD,20-01-2026,,5603,HAMMERFEST,KOMMERSIELL,SETTEFISK,Laks,071101,5100.00,TN,5100.00,TN,45281,RYPEFJORD,5603,HAMMERFEST,LAND,FERSKVANN/SALTVANN,5100.00,TN,,70.627750,23.634850,,70.62775,23.63485
F H 0037,913688899,NORSEA POLARBASE AS,HAVNEVEIEN 50,9610,RYPEFJORD,20-01-2026,,5603,HAMMERFEST,KOMMERSIELL,SETTEFISK,Ørret,071301,0.00,TN,5100.00,TN,45281,RYPEFJORD,5603,HAMMERFEST,LAND,FERSKVANN/SALTVANN,5100.00,TN,,70.627750,23.634850,,70.62775,23.63485
F H 0037,913688899,NORSEA POLARBASE AS,HAVNEVEIEN 50,9610,RYPEFJORD,20-01-2026,,5603,HAMMERFEST,KOMMERSIELL,SETTEFISK,Regnbueørret,071401,0.00,TN,5100.00,TN,45281,RYPEFJORD,5603,HAMMERFEST,LAND,FERSKVANN/SALTVANN,5100.00,TN,,70.627750,23.634850,,70.62775,23.63485
F HV 0013,994956140,NORDNORSK SMOLT AS,FINNRORVEIEN 6,9590,HASVIK,21-06-2012,,5616,HASVIK,KOMMERSIELL,SETTEFISK,Laks,071101,0.00,STK,0.00,STK,32817,HASVIK,5616,HASVIK,LAND,FERSKVANN/SALTVANN,0.00,STK,,70.481500,22.156000,,70.4815,22.156
H A 0001,964118191,MOWI ASA,POSTBOKS 4102 SANDVIKEN,5835,BERGEN,21-06-1978,,4627,ASKØY,KOMMERSIELL,SETTEFISK,Laks,071101,1000000.00,STK,1000000.00,STK,10077,TVEITEVÅG,4627,ASKØY,LAND,FERSKVANN/SALTVANN,250.00,TN,,60.445729,5.133024,,60.445729,5.133024
H A 0001,964118191,MOWI ASA,POSTBOKS 4102 SANDVIKEN,5835,BERGEN,21-06-1978,,4627,ASKØY,KOMMERSIELL,SETTEFISK,Ørret,071301,0.00,STK,1000000.00,STK,10077,TVEITEVÅG,4627,ASKØY,LAND,FERSKVANN/SALTVANN,250.00,TN,,60.445729,5.133024,,60.445729,5.133024
H A 0001,964118191,MOWI ASA,POSTBOKS 4102 SANDVIKEN,5835,BERGEN,21-06-1978,,4627,ASKØY,KOMMERSIELL,SETTEFISK,Regnbueørret,071401,0.00,STK,1000000.00,STK,10077,TVEITEVÅG,4627,ASKØY,LAND,FERSKVANN/SALTVANN,250.00,TN,,60.445729,5.133024,,60.445729,5.133024
H A 0008,936100112,BLOM SETTEFISK AS,ULVØYVEGEN 130,5337,RONG,16-07-1987,,4627,ASKØY,KOMMERSIELL,SETTEFISK,Laks,071101,4000000.00,STK,4000000.00,STK,11648,STRØMSNES,4627,ASKØY,LAND,FERSKVANN/SALTVANN,0.00,STK,,60.468144,5.225029,,60.468144,5.225029
H A 0008,936100112,BLOM SETTEFISK AS,ULVØYVEGEN 130,5337,RONG,16-07-1987,,4627,ASKØY,KOMMERSIELL,SETTEFISK,Ørret,071301,0.00,STK,4000000.00,STK,11648,STRØMSNES,4627,ASKØY,LAND,FERSKVANN/SALTVANN,0.00,STK,,60.468144,5.225029,,60.468144,5.225029
H A 0008,936100112,BLOM SETTEFISK AS,ULVØYVEGEN 130,5337,RONG,16-07-1987,,4627,ASKØY,KOMMERSIELL,SETTEFISK,Regnbueørret,071401,0.00,STK,4000000.00,STK,11648,STRØMSNES,4627,ASKØY,LAND,FERSKVANN/SALTVANN,0.00,STK,,60.468144,5.225029,,60.468144,5.225029
H B 0013,964328498,EIDESVIK SETTEFISK AS,EIDESVIKVEGEN 63,5443,BØMLO,30-05-1986,,4613,BØMLO,KOMMERSIELL,SETTEFISK,Laks,071101,0.00,STK,2500000.00,STK,11606,EIDESVIK,4613,BØMLO,LAND,FERSKVANN/SALTVANN,0.00,STK,,59.598845,5.191829,,59.598845,5.191829
H B 0013,964328498,EIDESVIK SETTEFISK AS,EIDESVIKVEGEN 63,5443,BØMLO,30-05-1986,,4613,BØMLO,KOMMERSIELL,SETTEFISK,Ørret,071301,0.00,STK,2500000.00,STK,11606,EIDESVIK,4613,BØMLO,LAND,FERSKVANN/SALTVANN,0.00,STK,,59.598845,5.191829,,59.598845,5.191829
H B 0013,964328498,EIDESVIK SETTEFISK AS,EIDESVIKVEGEN 63,5443,BØMLO,30-05-1986,,4613,BØMLO,KOMMERSIELL,SETTEFISK,Regnbueørret,071401,0.00,STK,2500000.00,STK,11606,EIDESVIK,4613,BØMLO,LAND,FERSKVANN/SALTVANN,0.00,STK,,59.598845,5.191829,,59.598845,5.191829
H BN 0018,874789542,UNIVERSITETET I BERGEN,POSTBOKS 7800,5020,BERGEN,14-12-2006,,4601,BERGEN,KOMMERSIELL,MATFISK,Laksesild,064101,0.00,TN,12.50,TN,11555,INDUSTRILAB HIB,4601,BERGEN,LAND,FERSKVANN/SALTVANN,12.50,TN,,60.381200,5.332533,,60.3812,5.332533
H BN 0018,874789542,UNIVERSITETET I BERGEN,POSTBOKS 7800,5020,BERGEN,14-12-2006,,4601,BERGEN,KOMMERSIELL,MATFISK,Torsk,102205,0.00,TN,12.50,TN,11555,INDUSTRILAB HIB,4601,BERGEN,LAND,FERSKVANN/SALTVANN,12.50,TN,,60.381200,5.332533,,60.3812,5.332533
H BN 0018,874789542,UNIVERSITETET I BERGEN,POSTBOKS 7800,5020,BERGEN,14-12-2006,,4601,BERGEN,KOMMERSIELL,MATFISK,Sei,103201,0.00,TN,12.50,TN,11555,INDUSTRILAB HIB,4601,BERGEN,LAND,FERSKVANN/SALTVANN,12.50,TN,,60.381200,5.332533,,60.3812,5.332533
H BN 0018,874789542,UNIVERSITETET I BERGEN,POSTBOKS 7800,5020,BERGEN,14-12-2006,,4601,BERGEN,KOMMERSIELL,MATFISK,Skjeggtorsk,103701,0.00,TN,12.50,TN,11555,INDUSTRILAB HIB,4601,BERGEN,LAND,FERSKVANN/SALTVANN,12.50,TN,,60.381200,5.332533,,60.3812,5.332533
H BN 0018,874789542,UNIVERSITETET I BERGEN,POSTBOKS 7800,5020,BERGEN,14-12-2006,,4601,BERGEN,KOMMERSIELL,MATFISK,Paddetorsk,104101,0.00,TN,12.50,TN,11555,INDUSTRILAB HIB,4601,BERGEN,LAND,FERSKVANN/SALTVANN,12.50,TN,,60.381200,5.332533,,60.3812,5.332533
H BN 0018,874789542,UNIVERSITETET I BERGEN,POSTBOKS 7800,5020,BERGEN,14-12-2006,,4601,BERGEN,KOMMERSIELL,MATFISK,Kveite,231101,0.00,TN,12.50,TN,11555,INDUSTRILAB HIB,4601,BERGEN,LAND,FERSKVANN/SALTVANN,12.50,TN,,60.381200,5.332533,,60.3812,5.332533
H BN 0018,874789542,UNIVERSITETET I BERGEN,POSTBOKS 7800,5020,BERGEN,14-12-2006,,4601,BERGEN,KOMMERSIELL,MATFISK,Blåkveite,231301,0.00,TN,12.50,TN,11555,INDUSTRILAB HIB,4601,BERGEN,LAND,FERSKVANN/SALTVANN,12.50,TN,,60.381200,5.332533,,60.3812,5.332533
H BN 0023,874789542,UNIVERSITETET I BERGEN,POSTBOKS 7800,5020,BERGEN,19-09-2012,,4601,BERGEN,KOMMERSIELL,SETTEFISK,Laks,071101,0.00,STK,0.00,STK,11555,INDUSTRILAB HIB,4601,BERGEN,LAND,FERSKVANN/SALTVANN,12.50,TN,,60.381200,5.332533,,60.3812,5.332533
H BN 0023,874789542,UNIVERSITETET I BERGEN,POSTBOKS 7800,5020,BERGEN,19-09-2012,,4601,BERGEN,KOMMERSIELL,SETTEFISK,Ørret,071301,0.00,STK,0.00,STK,11555,INDUSTRILAB HIB,4601,BERGEN,LAND,FERSKVANN/SALTVANN,12.50,TN,,60.381200,5.332533,,60.3812,5.332533
H BN 0023,874789542,UNIVERSITETET I BERGEN,POSTBOKS 7800,5020,BERGEN,19-09-2012,,4601,BERGEN,KOMMERSIELL,SETTEFISK,Regnbueørret,071401,0.00,STK,0.00,STK,11555,INDUSTRILAB HIB,4601,BERGEN,LAND,FERSKVANN/SALTVANN,12.50,TN,,60.381200,5.332533,,60.3812,5.332533
H BN 0024,874789542,UNIVERSITETET I BERGEN,POSTBOKS 7800,5020,BERGEN,08-11-2016,,4601,BERGEN,KOMMERSIELL,SETTEFISK,Laks,071101,0.00,STK,0.00,STK,36577,MARINEHOLMEN FORSKINGSPARK,4601,BERGEN,LAND,FERSKVANN/SALTVANN,12.50,TN,,60.381350,5.329050,,60.38135,5.32905
H BN 0024,874789542,UNIVERSITETET I BERGEN,POSTBOKS 7800,5020,BERGEN,08-11-2016,,4601,BERGEN,KOMMERSIELL,SETTEFISK,Ørret,071301,0.00,STK,0.00,STK,36577,MARINEHOLMEN FORSKINGSPARK,4601,BERGEN,LAND,FERSKVANN/SALTVANN,12.50,TN,,60.381350,5.329050,,60.38135,5.32905
H BN 0024,874789542,UNIVERSITETET I BERGEN,POSTBOKS 7800,5020,BERGEN,08-11-2016,,4601,BERGEN,KOMMERSIELL,SETTEFISK,Regnbueørret,071401,0.00,STK,0.00,STK,36577,MARINEHOLMEN FORSKINGSPARK,4601,BERGEN,LAND,FERSKVANN/SALTVANN,12.50,TN,,60.381350,5.329050,,60.38135,5.32905
H BN 0025,874789542,UNIVERSITETET I BERGEN,POSTBOKS 7800,5020,BERGEN,10-09-2018,,4601,BERGEN,KOMMERSIELL,MATFISK,Laksesild,064101,0.00,TN,12.50,TN,36577,MARINEHOLMEN FORSKINGSPARK,4601,BERGEN,LAND,FERSKVANN/SALTVANN,12.50,TN,,60.381350,5.329050,,60.38135,5.32905
H BN 0025,874789542,UNIVERSITETET I BERGEN,POSTBOKS 7800,5020,BERGEN,10-09-2018,,4601,BERGEN,KOMMERSIELL,MATFISK,Torsk,102205,0.00,TN,12.50,TN,36577,MARINEHOLMEN FORSKINGSPARK,4601,BERGEN,LAND,FERSKVANN/SALTVANN,12.50,TN,,60.381350,5.329050,,60.38135,5.32905
H BN 0025,874789542,UNIVERSITETET I BERGEN,POSTBOKS 7800,5020,BERGEN,10-09-2018,,4601,BERGEN,KOMMERSIELL,MATFISK,Sei,103201,0.00,TN,12.50,TN,36577,MARINEHOLMEN FORSKINGSPARK,4601,BERGEN,LAND,FERSKVANN/SALTVANN,12.50,TN,,60.381350,5.329050,,60.38135,5.32905
H BN 0025,874789542,UNIVERSITETET I BERGEN,POSTBOKS 7800,5020,BERGEN,10-09-2018,,4601,BERGEN,KOMMERSIELL,MATFISK,Skjeggtorsk,103701,0.00,TN,12.50,TN,36577,MARINEHOLMEN FORSKINGSPARK,4601,BERGEN,LAND,FERSKVANN/SALTVANN,12.50,TN,,60.381350,5.329050,,60.38135,5.32905
H BN 0025,874789542,UNIVERSITETET I BERGEN,POSTBOKS 7800,5020,BERGEN,10-09-2018,,4601,BERGEN,KOMMERSIELL,MATFISK,Paddetorsk,104101,0.00,TN,12.50,TN,36577,MARINEHOLMEN FORSKINGSPARK,4601,BERGEN,LAND,FERSKVANN/SALTVANN,12.50,TN,,60.381350,5.329050,,60.38135,5.32905
H BN 0025,874789542,UNIVERSITETET I BERGEN,POSTBOKS 7800,5020,BERGEN,10-09-2018,,4601,BERGEN,KOMMERSIELL,MATFISK,Kveite,231101,0.00,TN,12.50,TN,36577,MARINEHOLMEN FORSKINGSPARK,4601,BERGEN,LAND,FERSKVANN/SALTVANN,12.50,TN,,60.381350,5.329050,,60.38135,5.32905
H E 0028,964118191,MOWI ASA,POSTBOKS 4102 SANDVIKEN,5835,BERGEN,21-03-2014,,4611,ETNE,KOMMERSIELL,SETTEFISK,Laks,071101,0.00,STK,7500000.00,STK,12073,FJÆRA,4611,ETNE,LAND,FERSKVANN/SALTVANN,0.00,STK,,59.874033,6.386467,,59.874033,6.386467
H E 0028,964118191,MOWI ASA,POSTBOKS 4102 SANDVIKEN,5835,BERGEN,21-03-2014,,4611,ETNE,KOMMERSIELL,SETTEFISK,Ørret,071301,0.00,STK,7500000.00,STK,12073,FJÆRA,4611,ETNE,LAND,FERSKVANN/SALTVANN,0.00,STK,,59.874033,6.386467,,59.874033,6.386467
H E 0028,964118191,MOWI ASA,POSTBOKS 4102 SANDVIKEN,5835,BERGEN,21-03-2014,,4611,ETNE,KOMMERSIELL,SETTEFISK,Regnbueørret,071401,0.00,STK,7500000.00,STK,12073,FJÆRA,4611,ETNE,LAND,FERSKVANN/SALTVANN,0.00,STK,,59.874033,6.386467,,59.874033,6.386467
H F 0014,936100112,BLOM SETTEFISK AS,ULVØYVEGEN 130,5337,RONG,26-09-1983,,4626,ØYGARDEN,KOMMERSIELL,SETTEFISK,Laks,071101,0.00,STK,0.00,STK,11636,SKÅLVIK,4626,ØYGARDEN,LAND,FERSKVANN/SALTVANN,0.00,STK,,60.340061,4.995021,,60.340061,4.995021
H F 0014,936100112,BLOM SETTEFISK AS,ULVØYVEGEN 130,5337,RONG,26-09-1983,,4626,ØYGARDEN,KOMMERSIELL,SETTEFISK,Ørret,071301,0.00,STK,0.00,STK,11636,SKÅLVIK,4626,ØYGARDEN,LAND,FERSKVANN/SALTVANN,0.00,STK,,60.340061,4.995021,,60.340061,4.995021
H F 0014,936100112,BLOM SETTEFISK AS,ULVØYVEGEN 130,5337,RONG,26-09-1983,,4626,ØYGARDEN,KOMMERSIELL,SETTEFISK,Regnbueørret,071401,0.00,STK,0.00,STK,11636,SKÅLVIK,4626,ØYGARDEN,LAND,FERSKVANN/SALTVANN,0.00,STK,,60.340061,4.995021,,60.340061,4.995021
H K 0021,964118191,MOWI ASA,POSTBOKS 4102 SANDVIKEN,5835,BERGEN,14-03-1989,17-11-2035,4617,KVINNHERAD,KOMMERSIELL,STAMFISK,Laks,071101,780.00,TN,780.00,TN,10077,TVEITEVÅG,4627,ASKØY,LAND,FERSKVANN/SALTVANN,250.00,TN,,60.445729,5.133024,,60.445729,5.133024
H K 0022,964118191,MOWI ASA,POSTBOKS 4102 SANDVIKEN,5835,BERGEN,13-03-1989,17-11-2035,4617,KVINNHERAD,KOMMERSIELL,STAMFISK,Laks,071101,780.00,TN,780.00,TN,10077,TVEITEVÅG,4627,ASKØY,LAND,FERSKVANN/SALTVANN,250.00,TN,,60.445729,5.133024,,60.445729,5.133024
H K 0066,920050042,ÆNES INKUBATOR AS,ÆNESVEGEN 200,5475,ÆNES,11-09-2018,,4617,KVINNHERAD,KOMMERSIELL,SETTEFISK,Laks,071101,3591.00,TN,0.00,STK,12084,ÆNES,4617,KVINNHERAD,LAND,FERSKVANN/SALTVANN,0.00,STK,,60.089167,6.110000,,60.089167,6.11
H K 0066,920050042,ÆNES INKUBATOR AS,ÆNESVEGEN 200,5475,ÆNES,11-09-2018,,4617,KVINNHERAD,KOMMERSIELL,SETTEFISK,Ørret,071301,0.00,TN,0.00,STK,12084,ÆNES,4617,KVINNHERAD,LAND,FERSKVANN/SALTVANN,0.00,STK,,60.089167,6.110000,,60.089167,6.11
H K 0066,920050042,ÆNES INKUBATOR AS,ÆNESVEGEN 200,5475,ÆNES,11-09-2018,,4617,KVINNHERAD,KOMMERSIELL,SETTEFISK,Regnbueørret,071401,0.00,TN,0.00,STK,12084,ÆNES,4617,KVINNHERAD,LAND,FERSKVANN/SALTVANN,0.00,STK,,60.089167,6.110000,,60.089167,6.11
H L 0006,995218402,NESFOSSEN SMOLT AS,LINDÅSVEGEN 1480,5956,HUNDVIN,24-04-1986,,4631,ALVER,KOMMERSIELL,SETTEFISK,Laks,071101,0.00,STK,2500000.00,STK,11682,NESFOSSEN,4631,ALVER,LAND,FERSKVANN/SALTVANN,0.00,STK,,60.664377,5.235020,,60.664377,5.23502
H L 0006,995218402,NESFOSSEN SMOLT AS,LINDÅSVEGEN 1480,5956,HUNDVIN,24-04-1986,,4631,ALVER,KOMMERSIELL,SETTEFISK,Ørret,071301,0.00,STK,2500000.00,STK,11682,NESFOSSEN,4631,ALVER,LAND,FERSKVANN/SALTVANN,0.00,STK,,60.664377,5.235020,,60.664377,5.23502
H L 0006,995218402,NESFOSSEN SMOLT AS,LINDÅSVEGEN 1480,5956,HUNDVIN,24-04-1986,,4631,ALVER,KOMMERSIELL,SETTEFISK,Regnbueørret,071401,0.00,STK,2500000.00,STK,11682,NESFOSSEN,4631,ALVER,LAND,FERSKVANN/SALTVANN,0.00,STK,,60.664377,5.235020,,60.664377,5.23502
H MF 0001,971349077,HAVFORSKNINGSINSTITUTTET,POSTBOKS 1870 NORDNES,5817,BERGEN,15-08-1973,,4634,MASFJORDEN,KOMMERSIELL,SETTEFISK,Laks,071101,400000.00,STK,400000.00,STK,10156,MATREDAL,4634,MASFJORDEN,LAND,FERSKVANN/SALTVANN,400000.00,STK,,60.874205,5.586388,,60.874205,5.586388
H MF 0001,971349077,HAVFORSKNINGSINSTITUTTET,POSTBOKS 1870 NORDNES,5817,BERGEN,15-08-1973,,4634,MASFJORDEN,KOMMERSIELL,SETTEFISK,Ørret,071301,0.00,STK,400000.00,STK,10156,MATREDAL,4634,MASFJORDEN,LAND,FERSKVANN/SALTVANN,400000.00,STK,,60.874205,5.586388,,60.874205,5.586388
H MF 0001,971349077,HAVFORSKNINGSINSTITUTTET,POSTBOKS 1870 NORDNES,5817,BERGEN,15-08-1973,,4634,MASFJORDEN,KOMMERSIELL,SETTEFISK,Regnbueørret,071401,0.00,STK,400000.00,STK,10156,MATREDAL,4634,MASFJORDEN,LAND,FERSKVANN/SALTVANN,400000.00,STK,,60.874205,5.586388,,60.874205,5.586388
H MF 0024,971349077,HAVFORSKNINGSINSTITUTTET,POSTBOKS 1870 NORDNES,5817,BERGEN,02-12-1974,,4634,MASFJORDEN,KOMMERSIELL,SETTEFISK,Laks,071101,400000.00,STK,400000.00,STK,10156,MATREDAL,4634,MASFJORDEN,LAND,FERSKVANN/SALTVANN,400000.00,STK,,60.874205,5.586388,,60.874205,5.586388
H MF 0024,971349077,HAVFORSKNINGSINSTITUTTET,POSTBOKS 1870 NORDNES,5817,BERGEN,02-12-1974,,4634,MASFJORDEN,KOMMERSIELL,SETTEFISK,Ørret,071301,0.00,STK,400000.00,STK,10156,MATREDAL,4634,MASFJORDEN,LAND,FERSKVANN/SALTVANN,400000.00,STK,,60.874205,5.586388,,60.874205,5.586388
H MF 0024,971349077,HAVFORSKNINGSINSTITUTTET,POSTBOKS 1870 NORDNES,5817,BERGEN,02-12-1974,,4634,MASFJORDEN,KOMMERSIELL,SETTEFISK,Regnbueørret,071401,0.00,STK,400000.00,STK,10156,MATREDAL,4634,MASFJORDEN,LAND,FERSKVANN/SALTVANN,400000.00,STK,,60.874205,5.586388,,60.874205,5.586388
H MF 0028,971349077,HAVFORSKNINGSINSTITUTTET,POSTBOKS 1870 NORDNES,5817,BERGEN,12-12-2005,,4634,MASFJORDEN,KOMMERSIELL,MATFISK,Pukkellaks,073201,0.00,TN,20.00,TN,10156,MATREDAL,4634,MASFJORDEN,LAND,FERSKVANN/SALTVANN,400000.00,STK,,60.874205,5.586388,,60.874205,5.586388
H MF 0028,971349077,HAVFORSKNINGSINSTITUTTET,POSTBOKS 1870 NORDNES,5817,BERGEN,12-12-2005,,4634,MASFJORDEN,KOMMERSIELL,MATFISK,Torsk,102205,0.00,TN,20.00,TN,10156,MATREDAL,4634,MASFJORDEN,LAND,FERSKVANN/SALTVANN,400000.00,STK,,60.874205,5.586388,,60.874205,5.586388
H MF 0028,971349077,HAVFORSKNINGSINSTITUTTET,POSTBOKS 1870 NORDNES,5817,BERGEN,12-12-2005,,4634,MASFJORDEN,KOMMERSIELL,MATFISK,Sei,103201,0.00,TN,20.00,TN,10156,MATREDAL,4634,MASFJORDEN,LAND,FERSKVANN/SALTVANN,400000.00,STK,,60.874205,5.586388,,60.874205,5.586388
H MF 0028,971349077,HAVFORSKNINGSINSTITUTTET,POSTBOKS 1870 NORDNES,5817,BERGEN,12-12-2005,,4634,MASFJORDEN,KOMMERSIELL,MATFISK,Polartorsk,103501,0.00,TN,20.00,TN,10156,MATREDAL,4634,MASFJORDEN,LAND,FERSKVANN/SALTVANN,400000.00,STK,,60.874205,5.586388,,60.874205,5.586388
H MF 0028,971349077,HAVFORSKNINGSINSTITUTTET,POSTBOKS 1870 NORDNES,5817,BERGEN,12-12-2005,,4634,MASFJORDEN,KOMMERSIELL,MATFISK,Kveite,231101,0.00,TN,20.00,TN,10156,MATREDAL,4634,MASFJORDEN,LAND,FERSKVANN/SALTVANN,400000.00,STK,,60.874205,5.586388,,60.874205,5.586388
H MF 0028,971349077,HAVFORSKNINGSINSTITUTTET,POSTBOKS 1870 NORDNES,5817,BERGEN,12-12-2005,,4634,MASFJORDEN,KOMMERSIELL,SETTEFISK,Pukkellaks,073201,0.00,TN,20.00,TN,10156,MATREDAL,4634,MASFJORDEN,LAND,FERSKVANN/SALTVANN,400000.00,STK,,60.874205,5.586388,,60.874205,5.586388
H MF 0028,971349077,HAVFORSKNINGSINSTITUTTET,POSTBOKS 1870 NORDNES,5817,BERGEN,12-12-2005,,4634,MASFJORDEN,KOMMERSIELL,SETTEFISK,Torsk,102205,0.00,TN,20.00,TN,10156,MATREDAL,4634,MASFJORDEN,LAND,FERSKVANN/SALTVANN,400000.00,STK,,60.874205,5.586388,,60.874205,5.586388
H MF 0028,971349077,HAVFORSKNINGSINSTITUTTET,POSTBOKS 1870 NORDNES,5817,BERGEN,12-12-2005,,4634,MASFJORDEN,KOMMERSIELL,SETTEFISK,Sei,103201,0.00,TN,20.00,TN,10156,MATREDAL,4634,MASFJORDEN,LAND,FERSKVANN/SALTVANN,400000.00,STK,,60.874205,5.586388,,60.874205,5.586388
H MF 0028,971349077,HAVFORSKNINGSINSTITUTTET,POSTBOKS 1870 NORDNES,5817,BERGEN,12-12-2005,,4634,MASFJORDEN,KOMMERSIELL,SETTEFISK,Polartorsk,103501,0.00,TN,20.00,TN,10156,MATREDAL,4634,MASFJORDEN,LAND,FERSKVANN/SALTVANN,400000.00,STK,,60.874205,5.586388,,60.874205,5.586388
H MF 0028,971349077,HAVFORSKNINGSINSTITUTTET,POSTBOKS 1870 NORDNES,5817,BERGEN,12-12-2005,,4634,MASFJORDEN,KOMMERSIELL,SETTEFISK,Kveite,231101,0.00,TN,20.00,TN,10156,MATREDAL,4634,MASFJORDEN,LAND,FERSKVANN/SALTVANN,400000.00,STK,,60.874205,5.586388,,60.874205,5.586388
H S 0009,936100112,BLOM SETTEFISK AS,ULVØYVEGEN 130,5337,RONG,30-07-1986,,4626,ØYGARDEN,KOMMERSIELL,SETTEFISK,Laks,071101,0.00,STK,200000.00,STK,10287,KVERNAVIKA,4626,ØYGARDEN,LAND,FERSKVANN/SALTVANN,0.00,STK,,60.216950,5.047933,,60.21695,5.047933
H S 0009,936100112,BLOM SETTEFISK AS,ULVØYVEGEN 130,5337,RONG,30-07-1986,,4626,ØYGARDEN,KOMMERSIELL,SETTEFISK,Ørret,071301,0.00,STK,200000.00,STK,10287,KVERNAVIKA,4626,ØYGARDEN,LAND,FERSKVANN/SALTVANN,0.00,STK,,60.216950,5.047933,,60.21695,5.047933
H S 0009,936100112,BLOM SETTEFISK AS,ULVØYVEGEN 130,5337,RONG,30-07-1986,,4626,ØYGARDEN,KOMMERSIELL,SETTEFISK,Regnbueørret,071401,0.00,STK,200000.00,STK,10287,KVERNAVIKA,4626,ØYGARDEN,LAND,FERSKVANN/SALTVANN,0.00,STK,,60.216950,5.047933,,60.21695,5.047933
H SD 0029,990011702,ERKO SETTEFISK AS,CHRISTIAN MICHELSENS GATE 6B,5012,BERGEN,21-09-2007,,4614,STORD,KOMMERSIELL,SETTEFISK,Laks,071101,5000.00,TN,2500.00,STK,28216,SAGVÅG,4614,STORD,LAND,FERSKVANN/SALTVANN,0.00,STK,,59.772533,5.383933,,59.772533,5.383933
H SD 0029,990011702,ERKO SETTEFISK AS,CHRISTIAN MICHELSENS GATE 6B,5012,BERGEN,21-09-2007,,4614,STORD,KOMMERSIELL,SETTEFISK,Ørret,071301,0.00,TN,2500.00,STK,28216,SAGVÅG,4614,STORD,LAND,FERSKVANN/SALTVANN,0.00,STK,,59.772533,5.383933,,59.772533,5.383933
H SD 0029,990011702,ERKO SETTEFISK AS,CHRISTIAN MICHELSENS GATE 6B,5012,BERGEN,21-09-2007,,4614,STORD,KOMMERSIELL,SETTEFISK,Regnbueørret,071401,0.00,TN,2500.00,STK,28216,SAGVÅG,4614,STORD,LAND,FERSKVANN/SALTVANN,0.00,STK,,59.772533,5.383933,,59.772533,5.383933
H SR 0002,886813082,LERØY VEST AS,ALFABYGGET 1,5392,STOREBØ,31-07-1984,,4623,SAMNANGER,KOMMERSIELL,SETTEFISK,Laks,071101,2500000.00,STK,2500000.00,STK,12131,SAGEN,4623,SAMNANGER,LAND,FERSKVANN/SALTVANN,250.00,TN,,60.347917,5.639767,,60.347917,5.639767
H SR 0002,886813082,LERØY VEST AS,ALFABYGGET 1,5392,STOREBØ,31-07-1984,,4623,SAMNANGER,KOMMERSIELL,SETTEFISK,Ørret,071301,0.00,STK,2500000.00,STK,12131,SAGEN,4623,SAMNANGER,LAND,FERSKVANN/SALTVANN,250.00,TN,,60.347917,5.639767,,60.347917,5.639767
H SR 0002,886813082,LERØY VEST AS,ALFABYGGET 1,5392,STOREBØ,31-07-1984,,4623,SAMNANGER,KOMMERSIELL,SETTEFISK,Regnbueørret,071401,0.00,STK,2500000.00,STK,12131,SAGEN,4623,SAMNANGER,LAND,FERSKVANN/SALTVANN,250.00,TN,,60.347917,5.639767,,60.347917,5.639767
H T 0029,992259418,ONARHEIM BRUK AS,FLAKKAVÅGSVEGEN 12,5694,ONARHEIM,26-09-2019,,4616,TYSNES,KOMMERSIELL,SETTEFISK,Laks,071101,0.00,STK,0.00,STK,39977,ONARHEIM II,4616,TYSNES,LAND,FERSKVANN/SALTVANN,0.00,TN,,59.943583,5.624133,,59.943583,5.624133
H T 0029,992259418,ONARHEIM BRUK AS,FLAKKAVÅGSVEGEN 12,5694,ONARHEIM,26-09-2019,,4616,TYSNES,KOMMERSIELL,SETTEFISK,Ørret,071301,0.00,STK,0.00,STK,39977,ONARHEIM II,4616,TYSNES,LAND,FERSKVANN/SALTVANN,0.00,TN,,59.943583,5.624133,,59.943583,5.624133
H T 0029,992259418,ONARHEIM BRUK AS,FLAKKAVÅGSVEGEN 12,5694,ONARHEIM,26-09-2019,,4616,TYSNES,KOMMERSIELL,SETTEFISK,Regnbueørret,071401,0.00,STK,0.00,STK,39977,ONARHEIM II,4616,TYSNES,LAND,FERSKVANN/SALTVANN,0.00,TN,,59.943583,5.624133,,59.943583,5.624133
M A 0012,971572086,STIFTELSEN ATLANTERHAVSPARKEN - NORGES NASJONALE AKVARIUM,POSTBOKS 2090 SKARBØVIK,6028,ÅLESUND,26-05-1998,,1508,ÅLESUND,FISKEPARK,MATFISK,Laks,071101,150.00,TN,150.00,TN,12302,TUENESET,1508,ÅLESUND,LAND,FERSKVANN/SALTVANN,151.00,TN,,62.465471,6.096801,,62.465471,6.096801
M A 0012,971572086,STIFTELSEN ATLANTERHAVSPARKEN - NORGES NASJONALE AKVARIUM,POSTBOKS 2090 SKARBØVIK,6028,ÅLESUND,26-05-1998,,1508,ÅLESUND,FISKEPARK,MATFISK,Ørret,071301,0.00,TN,150.00,TN,12302,TUENESET,1508,ÅLESUND,LAND,FERSKVANN/SALTVANN,151.00,TN,,62.465471,6.096801,,62.465471,6.096801
M A 0012,971572086,STIFTELSEN ATLANTERHAVSPARKEN - NORGES NASJONALE AKVARIUM,POSTBOKS 2090 SKARBØVIK,6028,ÅLESUND,26-05-1998,,1508,ÅLESUND,FISKEPARK,MATFISK,Regnbueørret,071401,0.00,TN,150.00,TN,12302,TUENESET,1508,ÅLESUND,LAND,FERSKVANN/SALTVANN,151.00,TN,,62.465471,6.096801,,62.465471,6.096801
M A 0014,991436502,MØREFORSKING AS,POSTBOKS 5075,6021,ÅLESUND,18-07-2011,,1508,ÅLESUND,KOMMERSIELL,MATFISK,Torsk,102205,0.00,TN,1.00,TN,12302,TUENESET,1508,ÅLESUND,LAND,FERSKVANN/SALTVANN,151.00,TN,,62.465471,6.096801,,62.465471,6.096801
M A 0014,991436502,MØREFORSKING AS,POSTBOKS 5075,6021,ÅLESUND,18-07-2011,,1508,ÅLESUND,KOMMERSIELL,MATFISK,Sei,103201,0.00,TN,1.00,TN,12302,TUENESET,1508,ÅLESUND,LAND,FERSKVANN/SALTVANN,151.00,TN,,62.465471,6.096801,,62.465471,6.096801
M A 0014,991436502,MØREFORSKING AS,POSTBOKS 5075,6021,ÅLESUND,18-07-2011,,1508,ÅLESUND,KOMMERSIELL,MATFISK,Kveite,231101,0.00,TN,1.00,TN,12302,TUENESET,1508,ÅLESUND,LAND,FERSKVANN/SALTVANN,151.00,TN,,62.465471,6.096801,,62.465471,6.096801
M A 0018,991436502,MØREFORSKING AS,POSTBOKS 5075,6021,ÅLESUND,20-09-2021,,1508,ÅLESUND,KOMMERSIELL,MATFISK,Laks,071101,1.00,TN,1.00,TN,12302,TUENESET,1508,ÅLESUND,LAND,FERSKVANN/SALTVANN,151.00,TN,,62.465471,6.096801,,62.465471,6.096801
M A 0018,991436502,MØREFORSKING AS,POSTBOKS 5075,6021,ÅLESUND,20-09-2021,,1508,ÅLESUND,KOMMERSIELL,MATFISK,Ørret,071301,0.00,TN,1.00,TN,12302,TUENESET,1508,ÅLESUND,LAND,FERSKVANN/SALTVANN,151.00,TN,,62.465471,6.096801,,62.465471,6.096801
M A 0018,991436502,MØREFORSKING AS,POSTBOKS 5075,6021,ÅLESUND,20-09-2021,,1508,ÅLESUND,KOMMERSIELL,MATFISK,Regnbueørret,071401,0.00,TN,1.00,TN,12302,TUENESET,1508,ÅLESUND,LAND,FERSKVANN/SALTVANN,151.00,TN,,62.465471,6.096801,,62.465471,6.096801
M F 0007,919384603,SALMON EVOLUTION NORWAY AS,TORGET 5,6440,ELNESVÅGEN,14-11-2019,,1579,HUSTADVIKA,KOMMERSIELL,SETTEFISK,Laks,071101,370.00,TN,370.00,TN,40157,INDRE HARØYA II,1579,HUSTADVIKA,LAND,FERSKVANN/SALTVANN,370.00,TN,,62.879633,6.949467,,62.879633,6.949467
M F 0007,919384603,SALMON EVOLUTION NORWAY AS,TORGET 5,6440,ELNESVÅGEN,14-11-2019,,1579,HUSTADVIKA,KOMMERSIELL,SETTEFISK,Ørret,071301,0.00,TN,370.00,TN,40157,INDRE HARØYA II,1579,HUSTADVIKA,LAND,FERSKVANN/SALTVANN,370.00,TN,,62.879633,6.949467,,62.879633,6.949467
M F 0007,919384603,SALMON EVOLUTION NORWAY AS,TORGET 5,6440,ELNESVÅGEN,14-11-2019,,1579,HUSTADVIKA,KOMMERSIELL,SETTEFISK,Regnbueørret,071401,0.00,TN,370.00,TN,40157,INDRE HARØYA II,1579,HUSTADVIKA,LAND,FERSKVANN/SALTVANN,370.00,TN,,62.879633,6.949467,,62.879633,6.949467
M HS 0007,985848718,LERØY MIDT AS,INDUSTRIPARKVEIEN 31,7246,SANDSTAD,08-08-1986,,5055,HEIM,KOMMERSIELL,SETTEFISK,Laks,071101,1000000.00,STK,1000000.00,STK,12898,HØNSVIKGULEN,5055,HEIM,LAND,FERSKVANN/SALTVANN,100.00,TN,,63.105017,8.170517,,63.105017,8.170517
M HS 0007,985848718,LERØY MIDT AS,INDUSTRIPARKVEIEN 31,7246,SANDSTAD,08-08-1986,,5055,HEIM,KOMMERSIELL,SETTEFISK,Ørret,071301,0.00,STK,1000000.00,STK,12898,HØNSVIKGULEN,5055,HEIM,LAND,FERSKVANN/SALTVANN,100.00,TN,,63.105017,8.170517,,63.105017,8.170517
M HS 0007,985848718,LERØY MIDT AS,INDUSTRIPARKVEIEN 31,7246,SANDSTAD,08-08-1986,,5055,HEIM,KOMMERSIELL,SETTEFISK,Regnbueørret,071401,0.00,STK,1000000.00,STK,12898,HØNSVIKGULEN,5055,HEIM,LAND,FERSKVANN/SALTVANN,100.00,TN,,63.105017,8.170517,,63.105017,8.170517
M HS 0009,985848718,LERØY MIDT AS,INDUSTRIPARKVEIEN 31,7246,SANDSTAD,17-02-1987,04-11-2030,5055,HEIM,KOMMERSIELL,STAMFISK,Laks,071101,780.00,TN,780.00,TN,12898,HØNSVIKGULEN,5055,HEIM,LAND,FERSKVANN/SALTVANN,100.00,TN,,63.105017,8.170517,,63.105017,8.170517
M SL 0012,916917244,STORDAL AQUAPRODUKSJON AS,SVEMORKA 26,6200,STRANDA,27-04-2017,,1578,FJORD,KOMMERSIELL,SETTEFISK,Laks,071101,0.00,TN,0.00,TN,37337,GYLJENESET,1578,FJORD,LAND,FERSKVANN/SALTVANN,1600.00,TN,,62.375350,6.984067,,62.37535,6.984067
M SL 0012,916917244,STORDAL AQUAPRODUKSJON AS,SVEMORKA 26,6200,STRANDA,27-04-2017,,1578,FJORD,KOMMERSIELL,SETTEFISK,Ørret,071301,0.00,TN,0.00,TN,37337,GYLJENESET,1578,FJORD,LAND,FERSKVANN/SALTVANN,1600.00,TN,,62.375350,6.984067,,62.37535,6.984067
M SL 0012,916917244,STORDAL AQUAPRODUKSJON AS,SVEMORKA 26,6200,STRANDA,27-04-2017,,1578,FJORD,KOMMERSIELL,SETTEFISK,Regnbueørret,071401,0.00,TN,0.00,TN,37337,GYLJENESET,1578,FJORD,LAND,FERSKVANN/SALTVANN,1600.00,TN,,62.375350,6.984067,,62.37535,6.984067
M TV 0009,964367701,AQUAGEN AS,"C/O AQUAGEN AS, INDUSTRIVEIEN 13",7200,KYRKSÆTERØRA,19-09-1994,,1560,TINGVOLL,KOMMERSIELL,STAMFISK,Laks,071101,780.00,TN,780.00,TN,12898,HØNSVIKGULEN,5055,HEIM,LAND,FERSKVANN/SALTVANN,100.00,TN,,63.105017,8.170517,,63.105017,8.170517
M TV 0009,964367701,AQUAGEN AS,"C/O AQUAGEN AS, INDUSTRIVEIEN 13",7200,KYRKSÆTERØRA,19-09-1994,,1560,TINGVOLL,KOMMERSIELL,STAMFISK,Ørret,071301,0.00,TN,780.00,TN,12898,HØNSVIKGULEN,5055,HEIM,LAND,FERSKVANN/SALTVANN,100.00,TN,,63.105017,8.170517,,63.105017,8.170517
M TV 0009,964367701,AQUAGEN AS,"C/O AQUAGEN AS, INDUSTRIVEIEN 13",7200,KYRKSÆTERØRA,19-09-1994,,1560,TINGVOLL,KOMMERSIELL,STAMFISK,Regnbueørret,071401,0.00,TN,780.00,TN,12898,HØNSVIKGULEN,5055,HEIM,LAND,FERSKVANN/SALTVANN,100.00,TN,,63.105017,8.170517,,63.105017,8.170517
M VS 0021,986703411,TOMREN FISH AS,FJORDVEGEN 506,6393,TOMREFJORD,02-06-2017,,1535,VESTNES,KOMMERSIELL,SETTEFISK,Laks,071101,0.00,TN,0.00,TN,37497,TROHAUGEN,1535,VESTNES,LAND,FERSKVANN/SALTVANN,3900.00,TN,,62.613667,6.962500,,62.613667,6.9625
M VS 0021,986703411,TOMREN FISH AS,FJORDVEGEN 506,6393,TOMREFJORD,02-06-2017,,1535,VESTNES,KOMMERSIELL,SETTEFISK,Ørret,071301,0.00,TN,0.00,TN,37497,TROHAUGEN,1535,VESTNES,LAND,FERSKVANN/SALTVANN,3900.00,TN,,62.613667,6.962500,,62.613667,6.9625
M VS 0021,986703411,TOMREN FISH AS,FJORDVEGEN 506,6393,TOMREFJORD,02-06-2017,,1535,VESTNES,KOMMERSIELL,SETTEFISK,Regnbueørret,071401,0.00,TN,0.00,TN,37497,TROHAUGEN,1535,VESTNES,LAND,FERSKVANN/SALTVANN,3900.00,TN,,62.613667,6.962500,,62.613667,6.9625
M VS 0022,986703411,TOMREN FISH AS,FJORDVEGEN 506,6393,TOMREFJORD,02-06-2017,,1535,VESTNES,KOMMERSIELL,MATFISK,Laks,071101,3830.00,TN,3830.00,TN,37497,TROHAUGEN,1535,VESTNES,LAND,FERSKVANN/SALTVANN,3900.00,TN,,62.613667,6.962500,,62.613667,6.9625
M VS 0022,986703411,TOMREN FISH AS,FJORDVEGEN 506,6393,TOMREFJORD,02-06-2017,,1535,VESTNES,KOMMERSIELL,MATFISK,Ørret,071301,0.00,TN,3830.00,TN,37497,TROHAUGEN,1535,VESTNES,LAND,FERSKVANN/SALTVANN,3900.00,TN,,62.613667,6.962500,,62.613667,6.9625
M VS 0022,986703411,TOMREN FISH AS,FJORDVEGEN 506,6393,TOMREFJORD,02-06-2017,,1535,VESTNES,KOMMERSIELL,MATFISK,Regnbueørret,071401,0.00,TN,3830.00,TN,37497,TROHAUGEN,1535,VESTNES,LAND,FERSKVANN/SALTVANN,3900.00,TN,,62.613667,6.962500,,62.613667,6.9625
M VS 0024,998485967,IRSEA ARC AS,DAUGSTADVEGEN 445,6392,VIKEBUKT,02-06-2020,,1535,VESTNES,KOMMERSIELL,SETTEFISK,Laks,071101,0.00,STK,0.00,STK,38077,DAUGSTAD II,1535,VESTNES,LAND,FERSKVANN/SALTVANN,1.00,TN,,62.557800,7.152917,,62.5578,7.152917
M VS 0024,998485967,IRSEA ARC AS,DAUGSTADVEGEN 445,6392,VIKEBUKT,02-06-2020,,1535,VESTNES,KOMMERSIELL,SETTEFISK,Ørret,071301,0.00,STK,0.00,STK,38077,DAUGSTAD II,1535,VESTNES,LAND,FERSKVANN/SALTVANN,1.00,TN,,62.557800,7.152917,,62.5578,7.152917
M VS 0024,998485967,IRSEA ARC AS,DAUGSTADVEGEN 445,6392,VIKEBUKT,02-06-2020,,1535,VESTNES,KOMMERSIELL,SETTEFISK,Regnbueørret,071401,0.00,STK,0.00,STK,38077,DAUGSTAD II,1535,VESTNES,LAND,FERSKVANN/SALTVANN,1.00,TN,,62.557800,7.152917,,62.5578,7.152917
N B 0010,970940243,NORD UNIVERSITET,POSTBOKS 1490,8049,BODØ,07-09-1994,,1804,BODØ,UNDERVISNING,MATFISK,Laks,071101,0.00,TN,0.00,TN,10483,MØRKVEDBUKTA,1804,BODØ,LAND,FERSKVANN/SALTVANN,2000.00,M3,,67.278117,14.556850,,67.278117,14.55685
N B 0010,970940243,NORD UNIVERSITET,POSTBOKS 1490,8049,BODØ,07-09-1994,,1804,BODØ,UNDERVISNING,MATFISK,Ørret,071301,0.00,TN,0.00,TN,10483,MØRKVEDBUKTA,1804,BODØ,LAND,FERSKVANN/SALTVANN,2000.00,M3,,67.278117,14.556850,,67.278117,14.55685
N B 0010,970940243,NORD UNIVERSITET,POSTBOKS 1490,8049,BODØ,07-09-1994,,1804,BODØ,UNDERVISNING,MATFISK,Regnbueørret,071401,0.00,TN,0.00,TN,10483,MØRKVEDBUKTA,1804,BODØ,LAND,FERSKVANN/SALTVANN,2000.00,M3,,67.278117,14.556850,,67.278117,14.55685
N B 0010,970940243,NORD UNIVERSITET,POSTBOKS 1490,8049,BODØ,07-09-1994,,1804,BODØ,UNDERVISNING,SETTEFISK,Laks,071101,0.00,TN,0.00,TN,10483,MØRKVEDBUKTA,1804,BODØ,LAND,FERSKVANN/SALTVANN,2000.00,M3,,67.278117,14.556850,,67.278117,14.55685
N B 0010,970940243,NORD UNIVERSITET,POSTBOKS 1490,8049,BODØ,07-09-1994,,1804,BODØ,UNDERVISNING,SETTEFISK,Ørret,071301,0.00,TN,0.00,TN,10483,MØRKVEDBUKTA,1804,BODØ,LAND,FERSKVANN/SALTVANN,2000.00,M3,,67.278117,14.556850,,67.278117,14.55685
N B 0010,970940243,NORD UNIVERSITET,POSTBOKS 1490,8049,BODØ,07-09-1994,,1804,BODØ,UNDERVISNING,SETTEFISK,Regnbueørret,071401,0.00,TN,0.00,TN,10483,MØRKVEDBUKTA,1804,BODØ,LAND,FERSKVANN/SALTVANN,2000.00,M3,,67.278117,14.556850,,67.278117,14.55685
N B 0023,970940243,NORD UNIVERSITET,POSTBOKS 1490,8049,BODØ,07-09-1994,,1804,BODØ,KOMMERSIELL,MATFISK,Torsk,102205,0.00,TN,78.00,TN,10483,MØRKVEDBUKTA,1804,BODØ,LAND,FERSKVANN/SALTVANN,2000.00,M3,,67.278117,14.556850,,67.278117,14.55685
N B 0023,970940243,NORD UNIVERSITET,POSTBOKS 1490,8049,BODØ,07-09-1994,,1804,BODØ,KOMMERSIELL,MATFISK,Sei,103201,0.00,TN,78.00,TN,10483,MØRKVEDBUKTA,1804,BODØ,LAND,FERSKVANN/SALTVANN,2000.00,M3,,67.278117,14.556850,,67.278117,14.55685
N B 0023,970940243,NORD UNIVERSITET,POSTBOKS 1490,8049,BODØ,07-09-1994,,1804,BODØ,KOMMERSIELL,MATFISK,Kveite,231101,0.00,TN,78.00,TN,10483,MØRKVEDBUKTA,1804,BODØ,LAND,FERSKVANN/SALTVANN,2000.00,M3,,67.278117,14.556850,,67.278117,14.55685
N B 0023,970940243,NORD UNIVERSITET,POSTBOKS 1490,8049,BODØ,07-09-1994,,1804,BODØ,KOMMERSIELL,STAMFISK,Torsk,102205,0.00,TN,78.00,TN,10483,MØRKVEDBUKTA,1804,BODØ,LAND,FERSKVANN/SALTVANN,2000.00,M3,,67.278117,14.556850,,67.278117,14.55685
N B 0023,970940243,NORD UNIVERSITET,POSTBOKS 1490,8049,BODØ,07-09-1994,,1804,BODØ,KOMMERSIELL,STAMFISK,Sei,103201,0.00,TN,78.00,TN,10483,MØRKVEDBUKTA,1804,BODØ,LAND,FERSKVANN/SALTVANN,2000.00,M3,,67.278117,14.556850,,67.278117,14.55685
N B 0023,970940243,NORD UNIVERSITET,POSTBOKS 1490,8049,BODØ,07-09-1994,,1804,BODØ,KOMMERSIELL,STAMFISK,Kveite,231101,0.00,TN,78.00,TN,10483,MØRKVEDBUKTA,1804,BODØ,LAND,FERSKVANN/SALTVANN,2000.00,M3,,67.278117,14.556850,,67.278117,14.55685
N B 0023,970940243,NORD UNIVERSITET,POSTBOKS 1490,8049,BODØ,07-09-1994,,1804,BODØ,KOMMERSIELL,SETTEFISK,Torsk,102205,0.00,TN,78.00,TN,10483,MØRKVEDBUKTA,1804,BODØ,LAND,FERSKVANN/SALTVANN,2000.00,M3,,67.278117,14.556850,,67.278117,14.55685
N B 0023,970940243,NORD UNIVERSITET,POSTBOKS 1490,8049,BODØ,07-09-1994,,1804,BODØ,KOMMERSIELL,SETTEFISK,Sei,103201,0.00,TN,78.00,TN,10483,MØRKVEDBUKTA,1804,BODØ,LAND,FERSKVANN/SALTVANN,2000.00,M3,,67.278117,14.556850,,67.278117,14.55685
N B 0023,970940243,NORD UNIVERSITET,POSTBOKS 1490,8049,BODØ,07-09-1994,,1804,BODØ,KOMMERSIELL,SETTEFISK,Kveite,231101,0.00,TN,78.00,TN,10483,MØRKVEDBUKTA,1804,BODØ,LAND,FERSKVANN/SALTVANN,2000.00,M3,,67.278117,14.556850,,67.278117,14.55685
N B 0047,964118191,MOWI ASA,POSTBOKS 4102 SANDVIKEN,5835,BERGEN,30-11-2009,26-11-2034,1804,BODØ,KOMMERSIELL,STAMFISK,Laks,071101,780.00,TN,780.00,TN,10077,TVEITEVÅG,4627,ASKØY,LAND,FERSKVANN/SALTVANN,250.00,TN,,60.445729,5.133024,,60.445729,5.133024
N B 0047,964118191,MOWI ASA,POSTBOKS 4102 SANDVIKEN,5835,BERGEN,30-11-2009,26-11-2034,1804,BODØ,KOMMERSIELL,STAMFISK,Laks,071101,780.00,TN,780.00,TN,10246,LEIKVANGBUKTA LAND,5057,ØRLAND,LAND,FERSKVANN/SALTVANN,300.00,TN,,63.862050,9.861967,,63.86205,9.861967
N B 0048,992130636,SALTEN STAMFISK AS,SJØGATA 21,8006,BODØ,17-12-2009,17-12-2029,1804,BODØ,KOMMERSIELL,STAMFISK,Laks,071101,780.00,TN,780.00,TN,31837,SØRFJORDEN STAMFISKANLEGG,1845,SØRFOLD,LAND,FERSKVANN/SALTVANN,400.00,TN,,67.575483,15.878083,,67.575483,15.878083
N B 0049,992130636,SALTEN STAMFISK AS,SJØGATA 21,8006,BODØ,17-12-2009,17-12-2029,1804,BODØ,KOMMERSIELL,STAMFISK,Laks,071101,780.00,TN,780.00,TN,31837,SØRFJORDEN STAMFISKANLEGG,1845,SØRFOLD,LAND,FERSKVANN/SALTVANN,400.00,TN,,67.575483,15.878083,,67.575483,15.878083
N G 0015,964982953,NORDLAND FYLKESKOMMUNE,"POSTBOKS 1485, FYLKESHUSET",8048,BODØ,05-11-1987,02-09-2032,1838,GILDESKÅL,UNDERVISNING,MATFISK,Laks,071101,780.00,TN,780.00,TN,19975,ØYA,1838,GILDESKÅL,LAND,FERSKVANN/SALTVANN,30000000.00,STK,,67.034950,14.018050,,67.03495,14.01805
N G 0015,964982953,NORDLAND FYLKESKOMMUNE,"POSTBOKS 1485, FYLKESHUSET",8048,BODØ,05-11-1987,02-09-2032,1838,GILDESKÅL,UNDERVISNING,MATFISK,Ørret,071301,0.00,TN,780.00,TN,19975,ØYA,1838,GILDESKÅL,LAND,FERSKVANN/SALTVANN,30000000.00,STK,,67.034950,14.018050,,67.03495,14.01805
N G 0015,964982953,NORDLAND FYLKESKOMMUNE,"POSTBOKS 1485, FYLKESHUSET",8048,BODØ,05-11-1987,02-09-2032,1838,GILDESKÅL,UNDERVISNING,MATFISK,Regnbueørret,071401,0.00,TN,780.00,TN,19975,ØYA,1838,GILDESKÅL,LAND,FERSKVANN/SALTVANN,30000000.00,STK,,67.034950,14.018050,,67.03495,14.01805
N G 0022,964982953,NORDLAND FYLKESKOMMUNE,"POSTBOKS 1485, FYLKESHUSET",8048,BODØ,06-03-1997,,1838,GILDESKÅL,UNDERVISNING,MATFISK,Laks,071101,60.00,KG,60.00,KG,19975,ØYA,1838,GILDESKÅL,LAND,FERSKVANN/SALTVANN,30000000.00,STK,,67.034950,14.018050,,67.03495,14.01805
N G 0022,964982953,NORDLAND FYLKESKOMMUNE,"POSTBOKS 1485, FYLKESHUSET",8048,BODØ,06-03-1997,,1838,GILDESKÅL,UNDERVISNING,MATFISK,Ørret,071301,0.00,KG,60.00,KG,19975,ØYA,1838,GILDESKÅL,LAND,FERSKVANN/SALTVANN,30000000.00,STK,,67.034950,14.018050,,67.03495,14.01805
N G 0022,964982953,NORDLAND FYLKESKOMMUNE,"POSTBOKS 1485, FYLKESHUSET",8048,BODØ,06-03-1997,,1838,GILDESKÅL,UNDERVISNING,MATFISK,Regnbueørret,071401,0.00,KG,60.00,KG,19975,ØYA,1838,GILDESKÅL,LAND,FERSKVANN/SALTVANN,30000000.00,STK,,67.034950,14.018050,,67.03495,14.01805
N G 0022,964982953,NORDLAND FYLKESKOMMUNE,"POSTBOKS 1485, FYLKESHUSET",8048,BODØ,06-03-1997,,1838,GILDESKÅL,UNDERVISNING,SETTEFISK,Laks,071101,60.00,KG,60.00,KG,19975,ØYA,1838,GILDESKÅL,LAND,FERSKVANN/SALTVANN,30000000.00,STK,,67.034950,14.018050,,67.03495,14.01805
N G 0022,964982953,NORDLAND FYLKESKOMMUNE,"POSTBOKS 1485, FYLKESHUSET",8048,BODØ,06-03-1997,,1838,GILDESKÅL,UNDERVISNING,SETTEFISK,Ørret,071301,0.00,KG,60.00,KG,19975,ØYA,1838,GILDESKÅL,LAND,FERSKVANN/SALTVANN,30000000.00,STK,,67.034950,14.018050,,67.03495,14.01805
N G 0022,964982953,NORDLAND FYLKESKOMMUNE,"POSTBOKS 1485, FYLKESHUSET",8048,BODØ,06-03-1997,,1838,GILDESKÅL,UNDERVISNING,SETTEFISK,Regnbueørret,071401,0.00,KG,60.00,KG,19975,ØYA,1838,GILDESKÅL,LAND,FERSKVANN/SALTVANN,30000000.00,STK,,67.034950,14.018050,,67.03495,14.01805
N G 0030,964982953,NORDLAND FYLKESKOMMUNE,"POSTBOKS 1485, FYLKESHUSET",8048,BODØ,09-07-2003,,1838,GILDESKÅL,KOMMERSIELL,MATFISK,Torsk,102205,0.00,STK,0.00,STK,19975,ØYA,1838,GILDESKÅL,LAND,FERSKVANN/SALTVANN,30000000.00,STK,,67.034950,14.018050,,67.03495,14.01805
N G 0030,964982953,NORDLAND FYLKESKOMMUNE,"POSTBOKS 1485, FYLKESHUSET",8048,BODØ,09-07-2003,,1838,GILDESKÅL,KOMMERSIELL,MATFISK,Sei,103201,0.00,STK,0.00,STK,19975,ØYA,1838,GILDESKÅL,LAND,FERSKVANN/SALTVANN,30000000.00,STK,,67.034950,14.018050,,67.03495,14.01805
N G 0030,964982953,NORDLAND FYLKESKOMMUNE,"POSTBOKS 1485, FYLKESHUSET",8048,BODØ,09-07-2003,,1838,GILDESKÅL,KOMMERSIELL,MATFISK,Kveite,231101,0.00,STK,0.00,STK,19975,ØYA,1838,GILDESKÅL,LAND,FERSKVANN/SALTVANN,30000000.00,STK,,67.034950,14.018050,,67.03495,14.01805
N G 0030,964982953,NORDLAND FYLKESKOMMUNE,"POSTBOKS 1485, FYLKESHUSET",8048,BODØ,09-07-2003,,1838,GILDESKÅL,KOMMERSIELL,MATFISK,Blåkveite,231301,0.00,STK,0.00,STK,19975,ØYA,1838,GILDESKÅL,LAND,FERSKVANN/SALTVANN,30000000.00,STK,,67.034950,14.018050,,67.03495,14.01805
N G 0030,964982953,NORDLAND FYLKESKOMMUNE,"POSTBOKS 1485, FYLKESHUSET",8048,BODØ,09-07-2003,,1838,GILDESKÅL,KOMMERSIELL,SETTEFISK,Torsk,102205,0.00,STK,0.00,STK,19975,ØYA,1838,GILDESKÅL,LAND,FERSKVANN/SALTVANN,30000000.00,STK,,67.034950,14.018050,,67.03495,14.01805
N G 0030,964982953,NORDLAND FYLKESKOMMUNE,"POSTBOKS 1485, FYLKESHUSET",8048,BODØ,09-07-2003,,1838,GILDESKÅL,KOMMERSIELL,SETTEFISK,Sei,103201,0.00,STK,0.00,STK,19975,ØYA,1838,GILDESKÅL,LAND,FERSKVANN/SALTVANN,30000000.00,STK,,67.034950,14.018050,,67.03495,14.01805
N G 0030,964982953,NORDLAND FYLKESKOMMUNE,"POSTBOKS 1485, FYLKESHUSET",8048,BODØ,09-07-2003,,1838,GILDESKÅL,KOMMERSIELL,SETTEFISK,Kveite,231101,0.00,STK,0.00,STK,19975,ØYA,1838,GILDESKÅL,LAND,FERSKVANN/SALTVANN,30000000.00,STK,,67.034950,14.018050,,67.03495,14.01805
N G 0030,964982953,NORDLAND FYLKESKOMMUNE,"POSTBOKS 1485, FYLKESHUSET",8048,BODØ,09-07-2003,,1838,GILDESKÅL,KOMMERSIELL,SETTEFISK,Blåkveite,231301,0.00,STK,0.00,STK,19975,ØYA,1838,GILDESKÅL,LAND,FERSKVANN/SALTVANN,30000000.00,STK,,67.034950,14.018050,,67.03495,14.01805
N ME 0049,989713264,NORDLAND AKVA AS,ÅMØYHAMNVEIEN 285,8170,ENGAVÅGEN,09-05-2006,,1837,MELØY,KOMMERSIELL,SETTEFISK,Laks,071101,0.00,STK,0.00,STK,26375,ÅMØYA,1837,MELØY,LAND,FERSKVANN/SALTVANN,0.00,STK,,66.754833,13.386000,,66.754833,13.386
N ME 0049,989713264,NORDLAND AKVA AS,ÅMØYHAMNVEIEN 285,8170,ENGAVÅGEN,09-05-2006,,1837,MELØY,KOMMERSIELL,SETTEFISK,Ørret,071301,0.00,STK,0.00,STK,26375,ÅMØYA,1837,MELØY,LAND,FERSKVANN/SALTVANN,0.00,STK,,66.754833,13.386000,,66.754833,13.386
N ME 0049,989713264,NORDLAND AKVA AS,ÅMØYHAMNVEIEN 285,8170,ENGAVÅGEN,09-05-2006,,1837,MELØY,KOMMERSIELL,SETTEFISK,Regnbueørret,071401,0.00,STK,0.00,STK,26375,ÅMØYA,1837,MELØY,LAND,FERSKVANN/SALTVANN,0.00,STK,,66.754833,13.386000,,66.754833,13.386
N SF 0010,991193332,NORDLAKS SMOLT AS,STRAUMSNES,8260,INNHAVET,19-04-2002,,1845,SØRFOLD,KOMMERSIELL,SETTEFISK,Laks,071101,1000.00,TN,1000.00,TN,15315,MASTERMOVIKA II,1845,SØRFOLD,LAND,FERSKVANN/SALTVANN,1000.00,TN,,67.694717,15.841433,,67.694717,15.841433
N SF 0010,991193332,NORDLAKS SMOLT AS,STRAUMSNES,8260,INNHAVET,19-04-2002,,1845,SØRFOLD,KOMMERSIELL,SETTEFISK,Ørret,071301,0.00,TN,1000.00,TN,15315,MASTERMOVIKA II,1845,SØRFOLD,LAND,FERSKVANN/SALTVANN,1000.00,TN,,67.694717,15.841433,,67.694717,15.841433
N SF 0010,991193332,NORDLAKS SMOLT AS,STRAUMSNES,8260,INNHAVET,19-04-2002,,1845,SØRFOLD,KOMMERSIELL,SETTEFISK,Regnbueørret,071401,0.00,TN,1000.00,TN,15315,MASTERMOVIKA II,1845,SØRFOLD,LAND,FERSKVANN/SALTVANN,1000.00,TN,,67.694717,15.841433,,67.694717,15.841433
N SF 0019,964118191,MOWI ASA,POSTBOKS 4102 SANDVIKEN,5835,BERGEN,08-02-2011,08-02-2036,1845,SØRFOLD,KOMMERSIELL,STAMFISK,Laks,071101,780.00,TN,780.00,TN,10246,LEIKVANGBUKTA LAND,5057,ØRLAND,LAND,FERSKVANN/SALTVANN,300.00,TN,,63.862050,9.861967,,63.86205,9.861967
N SF 0019,964118191,MOWI ASA,POSTBOKS 4102 SANDVIKEN,5835,BERGEN,08-02-2011,08-02-2036,1845,SØRFOLD,KOMMERSIELL,STAMFISK,Laks,071101,780.00,TN,780.00,TN,36637,ELVKROKEN,1845,SØRFOLD,LAND,FERSKVANN/SALTVANN,300.00,TN,13-04-2031,67.591933,15.866867,,67.591933,15.866867
N SF 0019,964118191,MOWI ASA,POSTBOKS 4102 SANDVIKEN,5835,BERGEN,08-02-2011,08-02-2036,1845,SØRFOLD,KOMMERSIELL,STAMFISK,Laks,071101,780.00,TN,780.00,TN,10077,TVEITEVÅG,4627,ASKØY,LAND,FERSKVANN/SALTVANN,250.00,TN,,60.445729,5.133024,,60.445729,5.133024
N SF 0020,964118191,MOWI ASA,POSTBOKS 4102 SANDVIKEN,5835,BERGEN,12-04-2016,12-04-2031,1845,SØRFOLD,KOMMERSIELL,STAMFISK,Laks,071101,780.00,TN,780.00,TN,10077,TVEITEVÅG,4627,ASKØY,LAND,FERSKVANN/SALTVANN,250.00,TN,,60.445729,5.133024,,60.445729,5.133024
N SF 0020,964118191,MOWI ASA,POSTBOKS 4102 SANDVIKEN,5835,BERGEN,12-04-2016,12-04-2031,1845,SØRFOLD,KOMMERSIELL,STAMFISK,Laks,071101,780.00,TN,780.00,TN,36637,ELVKROKEN,1845,SØRFOLD,LAND,FERSKVANN/SALTVANN,300.00,TN,13-04-2031,67.591933,15.866867,,67.591933,15.866867
N SF 0021,983506925,BENCHMARK GENETICS NORWAY AS,BRADBENKEN 1,5003,BERGEN,27-09-2017,06-05-2034,1845,SØRFOLD,KOMMERSIELL,STAMFISK,Laks,071101,780.00,TN,50.00,TN,31837,SØRFJORDEN STAMFISKANLEGG,1845,SØRFOLD,LAND,FERSKVANN/SALTVANN,400.00,TN,,67.575483,15.878083,,67.575483,15.878083
N SF 0022,983506925,BENCHMARK GENETICS NORWAY AS,BRADBENKEN 1,5003,BERGEN,06-05-2019,06-05-2034,1845,SØRFOLD,KOMMERSIELL,STAMFISK,Laks,071101,50.00,TN,50.00,TN,31837,SØRFJORDEN STAMFISKANLEGG,1845,SØRFOLD,LAND,FERSKVANN/SALTVANN,400.00,TN,,67.575483,15.878083,,67.575483,15.878083
N SF 0023,983506925,BENCHMARK GENETICS NORWAY AS,BRADBENKEN 1,5003,BERGEN,01-07-2024,01-07-2034,1845,SØRFOLD,KOMMERSIELL,STAMFISK,Laks,071101,360.00,TN,360.00,TN,31837,SØRFJORDEN STAMFISKANLEGG,1845,SØRFOLD,LAND,FERSKVANN/SALTVANN,400.00,TN,,67.575483,15.878083,,67.575483,15.878083
N SF 0024,983506925,BENCHMARK GENETICS NORWAY AS,BRADBENKEN 1,5003,BERGEN,02-07-2024,02-07-2034,1845,SØRFOLD,KOMMERSIELL,STAMFISK,Laks,071101,420.00,TN,420.00,TN,31837,SØRFJORDEN STAMFISKANLEGG,1845,SØRFOLD,LAND,FERSKVANN/SALTVANN,400.00,TN,,67.575483,15.878083,,67.575483,15.878083
N V 0063,983880029,LOFOTEN SALMON AS,GRAVERMARK,8313,KLEPPSTAD,02-02-2019,,1865,VÅGAN,KOMMERSIELL,SETTEFISK,Laks,071101,0.00,STK,0.00,STK,39357,LANDFASTØYA,1865,VÅGAN,LAND,FERSKVANN/SALTVANN,3100.00,TN,,68.246917,14.272450,,68.246917,14.27245
N V 0063,983880029,LOFOTEN SALMON AS,GRAVERMARK,8313,KLEPPSTAD,02-02-2019,,1865,VÅGAN,KOMMERSIELL,SETTEFISK,Ørret,071301,0.00,STK,0.00,STK,39357,LANDFASTØYA,1865,VÅGAN,LAND,FERSKVANN/SALTVANN,3100.00,TN,,68.246917,14.272450,,68.246917,14.27245
N V 0063,983880029,LOFOTEN SALMON AS,GRAVERMARK,8313,KLEPPSTAD,02-02-2019,,1865,VÅGAN,KOMMERSIELL,SETTEFISK,Regnbueørret,071401,0.00,STK,0.00,STK,39357,LANDFASTØYA,1865,VÅGAN,LAND,FERSKVANN/SALTVANN,3100.00,TN,,68.246917,14.272450,,68.246917,14.27245
N V 0064,983880029,LOFOTEN SALMON AS,GRAVERMARK,8313,KLEPPSTAD,06-02-2019,,1865,VÅGAN,KOMMERSIELL,MATFISK,Laks,071101,3100.00,TN,3100.00,TN,39357,LANDFASTØYA,1865,VÅGAN,LAND,FERSKVANN/SALTVANN,3100.00,TN,,68.246917,14.272450,,68.246917,14.27245
N V 0064,983880029,LOFOTEN SALMON AS,GRAVERMARK,8313,KLEPPSTAD,06-02-2019,,1865,VÅGAN,KOMMERSIELL,MATFISK,Ørret,071301,0.00,TN,3100.00,TN,39357,LANDFASTØYA,1865,VÅGAN,LAND,FERSKVANN/SALTVANN,3100.00,TN,,68.246917,14.272450,,68.246917,14.27245
N V 0064,983880029,LOFOTEN SALMON AS,GRAVERMARK,8313,KLEPPSTAD,06-02-2019,,1865,VÅGAN,KOMMERSIELL,MATFISK,Regnbueørret,071401,0.00,TN,3100.00,TN,39357,LANDFASTØYA,1865,VÅGAN,LAND,FERSKVANN/SALTVANN,3100.00,TN,,68.246917,14.272450,,68.246917,14.27245
NT N 0011,963201230,VESO AS,STORTINGSGATA 2,0158,OSLO,09-05-1988,,5007,NAMSOS,KOMMERSIELL,SETTEFISK,Laks,071101,20000.00,STK,20000.00,STK,12670,VESO VIKAN,5007,NAMSOS,LAND,FERSKVANN/SALTVANN,130.00,TN,,64.547610,11.446631,,64.54761,11.446631
NT N 0011,963201230,VESO AS,STORTINGSGATA 2,0158,OSLO,09-05-1988,,5007,NAMSOS,KOMMERSIELL,SETTEFISK,Ørret,071301,0.00,STK,20000.00,STK,12670,VESO VIKAN,5007,NAMSOS,LAND,FERSKVANN/SALTVANN,130.00,TN,,64.547610,11.446631,,64.54761,11.446631
NT N 0011,963201230,VESO AS,STORTINGSGATA 2,0158,OSLO,09-05-1988,,5007,NAMSOS,KOMMERSIELL,SETTEFISK,Regnbueørret,071401,0.00,STK,20000.00,STK,12670,VESO VIKAN,5007,NAMSOS,LAND,FERSKVANN/SALTVANN,130.00,TN,,64.547610,11.446631,,64.54761,11.446631
NT N 0014,963201230,VESO AS,STORTINGSGATA 2,0158,OSLO,02-04-1991,,5007,NAMSOS,KOMMERSIELL,MATFISK,Torsk,102205,130.00,TN,130.00,TN,12670,VESO VIKAN,5007,NAMSOS,LAND,FERSKVANN/SALTVANN,130.00,TN,,64.547610,11.446631,,64.54761,11.446631
NT N 0014,963201230,VESO AS,STORTINGSGATA 2,0158,OSLO,02-04-1991,,5007,NAMSOS,KOMMERSIELL,MATFISK,Kveite,231101,0.00,TN,130.00,TN,12670,VESO VIKAN,5007,NAMSOS,LAND,FERSKVANN/SALTVANN,130.00,TN,,64.547610,11.446631,,64.54761,11.446631
NT SD 0001,937543948,SALMAR SETTEFISK AS,C/O SALMAR AS,7266,KVERVA,23-07-1973,,5035,STJØRDAL,KOMMERSIELL,SETTEFISK,Laks,071101,800000.00,STK,800000.00,STK,12822,LANGSTEIN,5035,STJØRDAL,LAND,FERSKVANN/SALTVANN,0.00,STK,,63.547504,10.903571,,63.547504,10.903571
NT SD 0001,937543948,SALMAR SETTEFISK AS,C/O SALMAR AS,7266,KVERVA,23-07-1973,,5035,STJØRDAL,KOMMERSIELL,SETTEFISK,Ørret,071301,0.00,STK,800000.00,STK,12822,LANGSTEIN,5035,STJØRDAL,LAND,FERSKVANN/SALTVANN,0.00,STK,,63.547504,10.903571,,63.547504,10.903571
NT SD 0001,937543948,SALMAR SETTEFISK AS,C/O SALMAR AS,7266,KVERVA,23-07-1973,,5035,STJØRDAL,KOMMERSIELL,SETTEFISK,Regnbueørret,071401,0.00,STK,800000.00,STK,12822,LANGSTEIN,5035,STJØRDAL,LAND,FERSKVANN/SALTVANN,0.00,STK,,63.547504,10.903571,,63.547504,10.903571
O O 0033,855869942,NORSK INSTITUTT FOR VANNFORSKNING STI,ØKERNVEIEN 94,0579,OSLO,30-10-2025,,0301,OSLO,KOMMERSIELL,SETTEFISK,Torsk,102205,0.00,TN,0.10,TN,45273,ØKERNVEIEN 94,0301,OSLO,LAND,FERSKVANN/SALTVANN,0.10,TN,,59.925117,10.793383,,59.925117,10.793383
O O 0033,855869942,NORSK INSTITUTT FOR VANNFORSKNING STI,ØKERNVEIEN 94,0579,OSLO,30-10-2025,,0301,OSLO,KOMMERSIELL,SETTEFISK,Sei,103201,0.00,TN,0.10,TN,45273,ØKERNVEIEN 94,0301,OSLO,LAND,FERSKVANN/SALTVANN,0.10,TN,,59.925117,10.793383,,59.925117,10.793383
O O 0033,855869942,NORSK INSTITUTT FOR VANNFORSKNING STI,ØKERNVEIEN 94,0579,OSLO,30-10-2025,,0301,OSLO,KOMMERSIELL,SETTEFISK,Kveite,231101,0.00,TN,0.10,TN,45273,ØKERNVEIEN 94,0301,OSLO,LAND,FERSKVANN/SALTVANN,0.10,TN,,59.925117,10.793383,,59.925117,10.793383
R F 0022,817876242,ROGALAND HAVBRUKSPARK AS,"FINNØY NÆRINGSPARK, LAUVSNESVEGEN 3",4160,FINNØY,27-11-2002,,1103,STAVANGER,KOMMERSIELL,MATFISK,Torsk,102205,4.55,TN,4.55,TN,17736,JUDABERG,1103,STAVANGER,LAND,FERSKVANN/SALTVANN,60.00,TN,,59.170933,5.876633,,59.170933,5.876633
R F 0022,817876242,ROGALAND HAVBRUKSPARK AS,"FINNØY NÆRINGSPARK, LAUVSNESVEGEN 3",4160,FINNØY,27-11-2002,,1103,STAVANGER,KOMMERSIELL,MATFISK,Kveite,231101,0.00,TN,4.55,TN,17736,JUDABERG,1103,STAVANGER,LAND,FERSKVANN/SALTVANN,60.00,TN,,59.170933,5.876633,,59.170933,5.876633
R F 0023,817876242,ROGALAND HAVBRUKSPARK AS,"FINNØY NÆRINGSPARK, LAUVSNESVEGEN 3",4160,FINNØY,27-11-2002,,1103,STAVANGER,KOMMERSIELL,SETTEFISK,Torsk,102205,70.00,M3,70.00,M3,17736,JUDABERG,1103,STAVANGER,LAND,FERSKVANN/SALTVANN,60.00,TN,,59.170933,5.876633,,59.170933,5.876633
R F 0023,817876242,ROGALAND HAVBRUKSPARK AS,"FINNØY NÆRINGSPARK, LAUVSNESVEGEN 3",4160,FINNØY,27-11-2002,,1103,STAVANGER,KOMMERSIELL,SETTEFISK,Kveite,231101,0.00,M3,70.00,M3,17736,JUDABERG,1103,STAVANGER,LAND,FERSKVANN/SALTVANN,60.00,TN,,59.170933,5.876633,,59.170933,5.876633
R FD 0004,929729161,SKRETTING AQUACULTURE INNOVATION AS,POSTBOKS 319 SENTRUM,4002,STAVANGER,30-11-1987,,1108,SANDNES,KOMMERSIELL,SETTEFISK,Laks,071101,100000.00,STK,100000.00,STK,11927,LERANGSVÅGEN LAND,1108,SANDNES,LAND,FERSKVANN/SALTVANN,100.00,TN,,58.935076,6.037278,,58.935076,6.037278
R FD 0004,929729161,SKRETTING AQUACULTURE INNOVATION AS,POSTBOKS 319 SENTRUM,4002,STAVANGER,30-11-1987,,1108,SANDNES,KOMMERSIELL,SETTEFISK,Ørret,071301,0.00,STK,100000.00,STK,11927,LERANGSVÅGEN LAND,1108,SANDNES,LAND,FERSKVANN/SALTVANN,100.00,TN,,58.935076,6.037278,,58.935076,6.037278
R FD 0004,929729161,SKRETTING AQUACULTURE INNOVATION AS,POSTBOKS 319 SENTRUM,4002,STAVANGER,30-11-1987,,1108,SANDNES,KOMMERSIELL,SETTEFISK,Regnbueørret,071401,0.00,STK,100000.00,STK,11927,LERANGSVÅGEN LAND,1108,SANDNES,LAND,FERSKVANN/SALTVANN,100.00,TN,,58.935076,6.037278,,58.935076,6.037278
R FD 0014,929729161,SKRETTING AQUACULTURE INNOVATION AS,POSTBOKS 319 SENTRUM,4002,STAVANGER,02-03-2004,,1108,SANDNES,KOMMERSIELL,SETTEFISK,Torsk,102205,1000.00,M3,1000.00,M3,11927,LERANGSVÅGEN LAND,1108,SANDNES,LAND,FERSKVANN/SALTVANN,100.00,TN,,58.935076,6.037278,,58.935076,6.037278
R G 0007,911501252,EWOS INNOVATION AS,"POSTBOKS 4, SENTRUM",5803,BERGEN,23-05-1986,,1122,GJESDAL,KOMMERSIELL,SETTEFISK,Laks,071101,600000.00,STK,600000.00,STK,10131,DIRDAL,1122,GJESDAL,LAND,FERSKVANN/SALTVANN,600000.00,STK,,58.838616,6.184203,,58.838616,6.184203
R G 0007,911501252,EWOS INNOVATION AS,"POSTBOKS 4, SENTRUM",5803,BERGEN,23-05-1986,,1122,GJESDAL,KOMMERSIELL,SETTEFISK,Ørret,071301,0.00,STK,600000.00,STK,10131,DIRDAL,1122,GJESDAL,LAND,FERSKVANN/SALTVANN,600000.00,STK,,58.838616,6.184203,,58.838616,6.184203
R G 0007,911501252,EWOS INNOVATION AS,"POSTBOKS 4, SENTRUM",5803,BERGEN,23-05-1986,,1122,GJESDAL,KOMMERSIELL,SETTEFISK,Regnbueørret,071401,0.00,STK,600000.00,STK,10131,DIRDAL,1122,GJESDAL,LAND,FERSKVANN/SALTVANN,600000.00,STK,,58.838616,6.184203,,58.838616,6.184203
R G 0008,911501252,EWOS INNOVATION AS,"POSTBOKS 4, SENTRUM",5803,BERGEN,23-10-1986,,1122,GJESDAL,KOMMERSIELL,MATFISK,Torsk,102205,65.00,TN,65.00,TN,10131,DIRDAL,1122,GJESDAL,LAND,FERSKVANN/SALTVANN,600000.00,STK,,58.838616,6.184203,,58.838616,6.184203
R G 0008,911501252,EWOS INNOVATION AS,"POSTBOKS 4, SENTRUM",5803,BERGEN,23-10-1986,,1122,GJESDAL,KOMMERSIELL,MATFISK,Kveite,231101,0.00,TN,65.00,TN,10131,DIRDAL,1122,GJESDAL,LAND,FERSKVANN/SALTVANN,600000.00,STK,,58.838616,6.184203,,58.838616,6.184203
R SA 0006,927411849,SAUDA AQUA AS,"V/SAUDA VEKST AS, KYRKJEGATA 2",4200,SAUDA,24-05-2024,,1135,SAUDA,KOMMERSIELL,SETTEFISK,Laks,071101,15000.00,TN,15000.00,TN,45218,SØNNÅHAMN,1135,SAUDA,LAND,FERSKVANN/SALTVANN,15000.00,TN,,59.643933,6.365950,,59.643933,6.36595
R SA 0006,927411849,SAUDA AQUA AS,"V/SAUDA VEKST AS, KYRKJEGATA 2",4200,SAUDA,24-05-2024,,1135,SAUDA,KOMMERSIELL,SETTEFISK,Ørret,071301,0.00,TN,15000.00,TN,45218,SØNNÅHAMN,1135,SAUDA,LAND,FERSKVANN/SALTVANN,15000.00,TN,,59.643933,6.365950,,59.643933,6.36595
R SA 0006,927411849,SAUDA AQUA AS,"V/SAUDA VEKST AS, KYRKJEGATA 2",4200,SAUDA,24-05-2024,,1135,SAUDA,KOMMERSIELL,SETTEFISK,Regnbueørret,071401,0.00,TN,15000.00,TN,45218,SØNNÅHAMN,1135,SAUDA,LAND,FERSKVANN/SALTVANN,15000.00,TN,,59.643933,6.365950,,59.643933,6.36595
R SS 0009,950037687,STIFTELSEN NORSK INSTITUTT FOR NATURFORSKNING NINA,POSTBOKS 5685 TORGARDEN,7485,TRONDHEIM,15-08-1973,,1108,SANDNES,FORSKNING,MATFISK,Laks,071101,260.00,TN,260.00,TN,11954,IMS II,1108,SANDNES,LAND,FERSKVANN/SALTVANN,130.00,TN,,58.903709,5.963545,,58.903709,5.963545
R SS 0009,950037687,STIFTELSEN NORSK INSTITUTT FOR NATURFORSKNING NINA,POSTBOKS 5685 TORGARDEN,7485,TRONDHEIM,15-08-1973,,1108,SANDNES,FORSKNING,MATFISK,Ørret,071301,0.00,TN,260.00,TN,11954,IMS II,1108,SANDNES,LAND,FERSKVANN/SALTVANN,130.00,TN,,58.903709,5.963545,,58.903709,5.963545
R SS 0009,950037687,STIFTELSEN NORSK INSTITUTT FOR NATURFORSKNING NINA,POSTBOKS 5685 TORGARDEN,7485,TRONDHEIM,15-08-1973,,1108,SANDNES,FORSKNING,MATFISK,Regnbueørret,071401,0.00,TN,260.00,TN,11954,IMS II,1108,SANDNES,LAND,FERSKVANN/SALTVANN,130.00,TN,,58.903709,5.963545,,58.903709,5.963545
R SS 0009,950037687,STIFTELSEN NORSK INSTITUTT FOR NATURFORSKNING NINA,POSTBOKS 5685 TORGARDEN,7485,TRONDHEIM,15-08-1973,,1108,SANDNES,FORSKNING,STAMFISK,Laks,071101,260.00,TN,260.00,TN,11954,IMS II,1108,SANDNES,LAND,FERSKVANN/SALTVANN,130.00,TN,,58.903709,5.963545,,58.903709,5.963545
R SS 0009,950037687,STIFTELSEN NORSK INSTITUTT FOR NATURFORSKNING NINA,POSTBOKS 5685 TORGARDEN,7485,TRONDHEIM,15-08-1973,,1108,SANDNES,FORSKNING,STAMFISK,Ørret,071301,0.00,TN,260.00,TN,11954,IMS II,1108,SANDNES,LAND,FERSKVANN/SALTVANN,130.00,TN,,58.903709,5.963545,,58.903709,5.963545
R SS 0009,950037687,STIFTELSEN NORSK INSTITUTT FOR NATURFORSKNING NINA,POSTBOKS 5685 TORGARDEN,7485,TRONDHEIM,15-08-1973,,1108,SANDNES,FORSKNING,STAMFISK,Regnbueørret,071401,0.00,TN,260.00,TN,11954,IMS II,1108,SANDNES,LAND,FERSKVANN/SALTVANN,130.00,TN,,58.903709,5.963545,,58.903709,5.963545
R SS 0020,950037687,STIFTELSEN NORSK INSTITUTT FOR NATURFORSKNING NINA,POSTBOKS 5685 TORGARDEN,7485,TRONDHEIM,15-08-1973,,1108,SANDNES,KOMMERSIELL,SETTEFISK,Laks,071101,1000000.00,STK,1000000.00,STK,11954,IMS II,1108,SANDNES,LAND,FERSKVANN/SALTVANN,130.00,TN,,58.903709,5.963545,,58.903709,5.963545
R SS 0020,950037687,STIFTELSEN NORSK INSTITUTT FOR NATURFORSKNING NINA,POSTBOKS 5685 TORGARDEN,7485,TRONDHEIM,15-08-1973,,1108,SANDNES,KOMMERSIELL,SETTEFISK,Ørret,071301,0.00,STK,1000000.00,STK,11954,IMS II,1108,SANDNES,LAND,FERSKVANN/SALTVANN,130.00,TN,,58.903709,5.963545,,58.903709,5.963545
R SS 0020,950037687,STIFTELSEN NORSK INSTITUTT FOR NATURFORSKNING NINA,POSTBOKS 5685 TORGARDEN,7485,TRONDHEIM,15-08-1973,,1108,SANDNES,KOMMERSIELL,SETTEFISK,Regnbueørret,071401,0.00,STK,1000000.00,STK,11954,IMS II,1108,SANDNES,LAND,FERSKVANN/SALTVANN,130.00,TN,,58.903709,5.963545,,58.903709,5.963545
R SS 0021,950037687,STIFTELSEN NORSK INSTITUTT FOR NATURFORSKNING NINA,POSTBOKS 5685 TORGARDEN,7485,TRONDHEIM,15-08-1973,,1108,SANDNES,FORSKNING,MATFISK,Laks,071101,130.00,TN,130.00,TN,11954,IMS II,1108,SANDNES,LAND,FERSKVANN/SALTVANN,130.00,TN,,58.903709,5.963545,,58.903709,5.963545
R SS 0021,950037687,STIFTELSEN NORSK INSTITUTT FOR NATURFORSKNING NINA,POSTBOKS 5685 TORGARDEN,7485,TRONDHEIM,15-08-1973,,1108,SANDNES,FORSKNING,MATFISK,Ørret,071301,0.00,TN,130.00,TN,11954,IMS II,1108,SANDNES,LAND,FERSKVANN/SALTVANN,130.00,TN,,58.903709,5.963545,,58.903709,5.963545
R SS 0021,950037687,STIFTELSEN NORSK INSTITUTT FOR NATURFORSKNING NINA,POSTBOKS 5685 TORGARDEN,7485,TRONDHEIM,15-08-1973,,1108,SANDNES,FORSKNING,MATFISK,Regnbueørret,071401,0.00,TN,130.00,TN,11954,IMS II,1108,SANDNES,LAND,FERSKVANN/SALTVANN,130.00,TN,,58.903709,5.963545,,58.903709,5.963545
R SS 0024,950037687,STIFTELSEN NORSK INSTITUTT FOR NATURFORSKNING NINA,POSTBOKS 5685 TORGARDEN,7485,TRONDHEIM,15-08-1973,,1108,SANDNES,KOMMERSIELL,MATFISK,Pukkellaks,073201,0.00,TN,33.00,TN,11954,IMS II,1108,SANDNES,LAND,FERSKVANN/SALTVANN,130.00,TN,,58.903709,5.963545,,58.903709,5.963545
R SS 0024,950037687,STIFTELSEN NORSK INSTITUTT FOR NATURFORSKNING NINA,POSTBOKS 5685 TORGARDEN,7485,TRONDHEIM,15-08-1973,,1108,SANDNES,KOMMERSIELL,MATFISK,Torsk,102205,0.00,TN,33.00,TN,11954,IMS II,1108,SANDNES,LAND,FERSKVANN/SALTVANN,130.00,TN,,58.903709,5.963545,,58.903709,5.963545
R SS 0024,950037687,STIFTELSEN NORSK INSTITUTT FOR NATURFORSKNING NINA,POSTBOKS 5685 TORGARDEN,7485,TRONDHEIM,15-08-1973,,1108,SANDNES,KOMMERSIELL,MATFISK,Sei,103201,0.00,TN,33.00,TN,11954,IMS II,1108,SANDNES,LAND,FERSKVANN/SALTVANN,130.00,TN,,58.903709,5.963545,,58.903709,5.963545
R SS 0024,950037687,STIFTELSEN NORSK INSTITUTT FOR NATURFORSKNING NINA,POSTBOKS 5685 TORGARDEN,7485,TRONDHEIM,15-08-1973,,1108,SANDNES,KOMMERSIELL,MATFISK,Kveite,231101,0.00,TN,33.00,TN,11954,IMS II,1108,SANDNES,LAND,FERSKVANN/SALTVANN,130.00,TN,,58.903709,5.963545,,58.903709,5.963545
R SS 0025,950037687,STIFTELSEN NORSK INSTITUTT FOR NATURFORSKNING NINA,POSTBOKS 5685 TORGARDEN,7485,TRONDHEIM,15-08-1973,,1108,SANDNES,KOMMERSIELL,SETTEFISK,Pukkellaks,073201,0.00,TN,0.00,TN,11954,IMS II,1108,SANDNES,LAND,FERSKVANN/SALTVANN,130.00,TN,,58.903709,5.963545,,58.903709,5.963545
R SS 0025,950037687,STIFTELSEN NORSK INSTITUTT FOR NATURFORSKNING NINA,POSTBOKS 5685 TORGARDEN,7485,TRONDHEIM,15-08-1973,,1108,SANDNES,KOMMERSIELL,SETTEFISK,Torsk,102205,0.00,TN,0.00,TN,11954,IMS II,1108,SANDNES,LAND,FERSKVANN/SALTVANN,130.00,TN,,58.903709,5.963545,,58.903709,5.963545
R SS 0025,950037687,STIFTELSEN NORSK INSTITUTT FOR NATURFORSKNING NINA,POSTBOKS 5685 TORGARDEN,7485,TRONDHEIM,15-08-1973,,1108,SANDNES,KOMMERSIELL,SETTEFISK,Sei,103201,0.00,TN,0.00,TN,11954,IMS II,1108,SANDNES,LAND,FERSKVANN/SALTVANN,130.00,TN,,58.903709,5.963545,,58.903709,5.963545
R SS 0025,950037687,STIFTELSEN NORSK INSTITUTT FOR NATURFORSKNING NINA,POSTBOKS 5685 TORGARDEN,7485,TRONDHEIM,15-08-1973,,1108,SANDNES,KOMMERSIELL,SETTEFISK,Kveite,231101,0.00,TN,0.00,TN,11954,IMS II,1108,SANDNES,LAND,FERSKVANN/SALTVANN,130.00,TN,,58.903709,5.963545,,58.903709,5.963545
R ST 0015,971045698,ROGALAND FYLKESKOMMUNE,POSTBOKS 130 SENTRUM,4001,STAVANGER,14-06-2016,26-06-2026,1130,STRAND,UNDERVISNING,MATFISK,Laks,071101,780.00,TN,780.00,TN,36897,STRAND VGS,1130,STRAND,LAND,FERSKVANN/SALTVANN,2.00,TN,,59.064100,5.920283,,59.0641,5.920283
R ST 0015,971045698,ROGALAND FYLKESKOMMUNE,POSTBOKS 130 SENTRUM,4001,STAVANGER,14-06-2016,26-06-2026,1130,STRAND,UNDERVISNING,MATFISK,Ørret,071301,0.00,TN,780.00,TN,36897,STRAND VGS,1130,STRAND,LAND,FERSKVANN/SALTVANN,2.00,TN,,59.064100,5.920283,,59.0641,5.920283
R ST 0015,971045698,ROGALAND FYLKESKOMMUNE,POSTBOKS 130 SENTRUM,4001,STAVANGER,14-06-2016,26-06-2026,1130,STRAND,UNDERVISNING,MATFISK,Regnbueørret,071401,0.00,TN,780.00,TN,36897,STRAND VGS,1130,STRAND,LAND,FERSKVANN/SALTVANN,2.00,TN,,59.064100,5.920283,,59.0641,5.920283
R ST 0016,971045698,ROGALAND FYLKESKOMMUNE,POSTBOKS 130 SENTRUM,4001,STAVANGER,15-09-2017,,1130,STRAND,KOMMERSIELL,MATFISK,Torsk,102205,0.00,TN,2.00,TN,36897,STRAND VGS,1130,STRAND,LAND,FERSKVANN/SALTVANN,2.00,TN,,59.064100,5.920283,,59.0641,5.920283
R ST 0016,971045698,ROGALAND FYLKESKOMMUNE,POSTBOKS 130 SENTRUM,4001,STAVANGER,15-09-2017,,1130,STRAND,KOMMERSIELL,MATFISK,Kveite,231101,0.00,TN,2.00,TN,36897,STRAND VGS,1130,STRAND,LAND,FERSKVANN/SALTVANN,2.00,TN,,59.064100,5.920283,,59.0641,5.920283
R ST 0016,971045698,ROGALAND FYLKESKOMMUNE,POSTBOKS 130 SENTRUM,4001,STAVANGER,15-09-2017,,1130,STRAND,KOMMERSIELL,STAMFISK,Torsk,102205,0.00,TN,2.00,TN,36897,STRAND VGS,1130,STRAND,LAND,FERSKVANN/SALTVANN,2.00,TN,,59.064100,5.920283,,59.0641,5.920283
R ST 0016,971045698,ROGALAND FYLKESKOMMUNE,POSTBOKS 130 SENTRUM,4001,STAVANGER,15-09-2017,,1130,STRAND,KOMMERSIELL,STAMFISK,Kveite,231101,0.00,TN,2.00,TN,36897,STRAND VGS,1130,STRAND,LAND,FERSKVANN/SALTVANN,2.00,TN,,59.064100,5.920283,,59.0641,5.920283
R ST 0016,971045698,ROGALAND FYLKESKOMMUNE,POSTBOKS 130 SENTRUM,4001,STAVANGER,15-09-2017,,1130,STRAND,KOMMERSIELL,SETTEFISK,Torsk,102205,0.00,TN,2.00,TN,36897,STRAND VGS,1130,STRAND,LAND,FERSKVANN/SALTVANN,2.00,TN,,59.064100,5.920283,,59.0641,5.920283
R ST 0016,971045698,ROGALAND FYLKESKOMMUNE,POSTBOKS 130 SENTRUM,4001,STAVANGER,15-09-2017,,1130,STRAND,KOMMERSIELL,SETTEFISK,Kveite,231101,0.00,TN,2.00,TN,36897,STRAND VGS,1130,STRAND,LAND,FERSKVANN/SALTVANN,2.00,TN,,59.064100,5.920283,,59.0641,5.920283
ST B 0008,964118191,MOWI ASA,POSTBOKS 4102 SANDVIKEN,5835,BERGEN,23-04-1987,29-10-2034,5057,ØRLAND,KOMMERSIELL,STAMFISK,Laks,071101,780.00,TN,780.00,TN,10246,LEIKVANGBUKTA LAND,5057,ØRLAND,LAND,FERSKVANN/SALTVANN,300.00,TN,,63.862050,9.861967,,63.86205,9.861967
ST B 0008,964118191,MOWI ASA,POSTBOKS 4102 SANDVIKEN,5835,BERGEN,23-04-1987,29-10-2034,5057,ØRLAND,KOMMERSIELL,STAMFISK,Laks,071101,780.00,TN,780.00,TN,10077,TVEITEVÅG,4627,ASKØY,LAND,FERSKVANN/SALTVANN,250.00,TN,,60.445729,5.133024,,60.445729,5.133024
ST B 0014,964118191,MOWI ASA,POSTBOKS 4102 SANDVIKEN,5835,BERGEN,19-02-2010,19-02-2035,5057,ØRLAND,KOMMERSIELL,STAMFISK,Laks,071101,780.00,TN,780.00,TN,10246,LEIKVANGBUKTA LAND,5057,ØRLAND,LAND,FERSKVANN/SALTVANN,300.00,TN,,63.862050,9.861967,,63.86205,9.861967
ST B 0014,964118191,MOWI ASA,POSTBOKS 4102 SANDVIKEN,5835,BERGEN,19-02-2010,19-02-2035,5057,ØRLAND,KOMMERSIELL,STAMFISK,Laks,071101,780.00,TN,780.00,TN,10077,TVEITEVÅG,4627,ASKØY,LAND,FERSKVANN/SALTVANN,250.00,TN,,60.445729,5.133024,,60.445729,5.133024
ST B 0015,964118191,MOWI ASA,POSTBOKS 4102 SANDVIKEN,5835,BERGEN,03-03-2011,03-03-2036,5057,ØRLAND,KOMMERSIELL,STAMFISK,Laks,071101,780.00,TN,780.00,TN,10077,TVEITEVÅG,4627,ASKØY,LAND,FERSKVANN/SALTVANN,250.00,TN,,60.445729,5.133024,,60.445729,5.133024
ST B 0015,964118191,MOWI ASA,POSTBOKS 4102 SANDVIKEN,5835,BERGEN,03-03-2011,03-03-2036,5057,ØRLAND,KOMMERSIELL,STAMFISK,Laks,071101,780.00,TN,780.00,TN,10246,LEIKVANGBUKTA LAND,5057,ØRLAND,LAND,FERSKVANN/SALTVANN,300.00,TN,,63.862050,9.861967,,63.86205,9.861967
ST F 0045,974536463,VIKAN SETTEFISK AS,TUVNESVEIEN 9,7266,KVERVA,02-07-1986,,5014,FRØYA,KOMMERSIELL,SETTEFISK,Laks,071101,0.00,STK,200000.00,STK,12428,TVERRVÅGEN,5014,FRØYA,LAND,FERSKVANN/SALTVANN,0.00,STK,,63.728633,8.629450,,63.728633,8.62945
ST F 0045,974536463,VIKAN SETTEFISK AS,TUVNESVEIEN 9,7266,KVERVA,02-07-1986,,5014,FRØYA,KOMMERSIELL,SETTEFISK,Ørret,071301,0.00,STK,200000.00,STK,12428,TVERRVÅGEN,5014,FRØYA,LAND,FERSKVANN/SALTVANN,0.00,STK,,63.728633,8.629450,,63.728633,8.62945
ST F 0045,974536463,VIKAN SETTEFISK AS,TUVNESVEIEN 9,7266,KVERVA,02-07-1986,,5014,FRØYA,KOMMERSIELL,SETTEFISK,Regnbueørret,071401,0.00,STK,200000.00,STK,12428,TVERRVÅGEN,5014,FRØYA,LAND,FERSKVANN/SALTVANN,0.00,STK,,63.728633,8.629450,,63.728633,8.62945
ST F 0071,985848718,LERØY MIDT AS,INDUSTRIPARKVEIEN 31,7246,SANDSTAD,04-11-2015,04-11-2030,5014,FRØYA,KOMMERSIELL,STAMFISK,Laks,071101,780.00,TN,780.00,TN,12898,HØNSVIKGULEN,5055,HEIM,LAND,FERSKVANN/SALTVANN,100.00,TN,,63.105017,8.170517,,63.105017,8.170517
ST T 0005,937357370,SINTEF OCEAN AS,POSTBOKS 4762 TORGARDEN,7465,TRONDHEIM,24-01-1990,27-07-2031,5001,TRONDHEIM,FORSKNING,MATFISK,Laks,071101,0.10,TN,0.10,TN,24836,BRATTØRKAIA,5001,TRONDHEIM,LAND,FERSKVANN/SALTVANN,0.50,TN,,63.437215,10.397502,,63.437215,10.397502
ST T 0005,937357370,SINTEF OCEAN AS,POSTBOKS 4762 TORGARDEN,7465,TRONDHEIM,24-01-1990,27-07-2031,5001,TRONDHEIM,FORSKNING,MATFISK,Ørret,071301,0.00,TN,0.10,TN,24836,BRATTØRKAIA,5001,TRONDHEIM,LAND,FERSKVANN/SALTVANN,0.50,TN,,63.437215,10.397502,,63.437215,10.397502
ST T 0005,937357370,SINTEF OCEAN AS,POSTBOKS 4762 TORGARDEN,7465,TRONDHEIM,24-01-1990,27-07-2031,5001,TRONDHEIM,FORSKNING,MATFISK,Regnbueørret,071401,0.00,TN,0.10,TN,24836,BRATTØRKAIA,5001,TRONDHEIM,LAND,FERSKVANN/SALTVANN,0.50,TN,,63.437215,10.397502,,63.437215,10.397502
ST T 0008,937357370,SINTEF OCEAN AS,POSTBOKS 4762 TORGARDEN,7465,TRONDHEIM,28-07-2005,,5001,TRONDHEIM,KOMMERSIELL,SETTEFISK,Laks,071101,500.00,STK,500.00,STK,24836,BRATTØRKAIA,5001,TRONDHEIM,LAND,FERSKVANN/SALTVANN,0.50,TN,,63.437215,10.397502,,63.437215,10.397502
ST T 0008,937357370,SINTEF OCEAN AS,POSTBOKS 4762 TORGARDEN,7465,TRONDHEIM,28-07-2005,,5001,TRONDHEIM,KOMMERSIELL,SETTEFISK,Ørret,071301,0.00,STK,500.00,STK,24836,BRATTØRKAIA,5001,TRONDHEIM,LAND,FERSKVANN/SALTVANN,0.50,TN,,63.437215,10.397502,,63.437215,10.397502
ST T 0008,937357370,SINTEF OCEAN AS,POSTBOKS 4762 TORGARDEN,7465,TRONDHEIM,28-07-2005,,5001,TRONDHEIM,KOMMERSIELL,SETTEFISK,Regnbueørret,071401,0.00,STK,500.00,STK,24836,BRATTØRKAIA,5001,TRONDHEIM,LAND,FERSKVANN/SALTVANN,0.50,TN,,63.437215,10.397502,,63.437215,10.397502
ST T 0009,937357370,SINTEF OCEAN AS,POSTBOKS 4762 TORGARDEN,7465,TRONDHEIM,01-08-2005,,5001,TRONDHEIM,KOMMERSIELL,SETTEFISK,Torsk,102205,80000.00,STK,80000.00,STK,24836,BRATTØRKAIA,5001,TRONDHEIM,LAND,FERSKVANN/SALTVANN,0.50,TN,,63.437215,10.397502,,63.437215,10.397502
ST T 0009,937357370,SINTEF OCEAN AS,POSTBOKS 4762 TORGARDEN,7465,TRONDHEIM,01-08-2005,,5001,TRONDHEIM,KOMMERSIELL,SETTEFISK,Kveite,231101,0.00,STK,80000.00,STK,24836,BRATTØRKAIA,5001,TRONDHEIM,LAND,FERSKVANN/SALTVANN,0.50,TN,,63.437215,10.397502,,63.437215,10.397502
ST T 0010,937357370,SINTEF OCEAN AS,POSTBOKS 4762 TORGARDEN,7465,TRONDHEIM,28-02-2007,,5001,TRONDHEIM,KOMMERSIELL,STAMFISK,Torsk,102205,350.00,KG,350.00,KG,24836,BRATTØRKAIA,5001,TRONDHEIM,LAND,FERSKVANN/SALTVANN,0.50,TN,,63.437215,10.397502,,63.437215,10.397502
ST T 0010,937357370,SINTEF OCEAN AS,POSTBOKS 4762 TORGARDEN,7465,TRONDHEIM,28-02-2007,,5001,TRONDHEIM,KOMMERSIELL,STAMFISK,Kveite,231101,0.00,KG,350.00,KG,24836,BRATTØRKAIA,5001,TRONDHEIM,LAND,FERSKVANN/SALTVANN,0.50,TN,,63.437215,10.397502,,63.437215,10.397502
ST T 0011,974767880,NORGES TEKNISK-NATURVITENSKAPELIGE UNIVERSITET NTNU,7491,7491,TRONDHEIM,23-05-2007,,5001,TRONDHEIM,KOMMERSIELL,STAMFISK,Torsk,102205,500.00,KG,500.00,KG,27576,BRATTØRKAIA 17B,5001,TRONDHEIM,LAND,FERSKVANN/SALTVANN,14.00,TN,,63.437502,10.398180,,63.437502,10.39818
ST T 0011,974767880,NORGES TEKNISK-NATURVITENSKAPELIGE UNIVERSITET NTNU,7491,7491,TRONDHEIM,23-05-2007,,5001,TRONDHEIM,KOMMERSIELL,STAMFISK,Kveite,231101,0.00,KG,500.00,KG,27576,BRATTØRKAIA 17B,5001,TRONDHEIM,LAND,FERSKVANN/SALTVANN,14.00,TN,,63.437502,10.398180,,63.437502,10.39818
ST T 0012,974767880,NORGES TEKNISK-NATURVITENSKAPELIGE UNIVERSITET NTNU,7491,7491,TRONDHEIM,23-05-2007,,5001,TRONDHEIM,KOMMERSIELL,SETTEFISK,Torsk,102205,100000.00,STK,100000.00,STK,27576,BRATTØRKAIA 17B,5001,TRONDHEIM,LAND,FERSKVANN/SALTVANN,14.00,TN,,63.437502,10.398180,,63.437502,10.39818
ST T 0012,974767880,NORGES TEKNISK-NATURVITENSKAPELIGE UNIVERSITET NTNU,7491,7491,TRONDHEIM,23-05-2007,,5001,TRONDHEIM,KOMMERSIELL,SETTEFISK,Kveite,231101,0.00,STK,100000.00,STK,27576,BRATTØRKAIA 17B,5001,TRONDHEIM,LAND,FERSKVANN/SALTVANN,14.00,TN,,63.437502,10.398180,,63.437502,10.39818
ST T 0013,974767880,NORGES TEKNISK-NATURVITENSKAPELIGE UNIVERSITET NTNU,7491,7491,TRONDHEIM,23-05-2007,,5001,TRONDHEIM,KOMMERSIELL,MATFISK,Torsk,102205,500.00,KG,500.00,KG,27576,BRATTØRKAIA 17B,5001,TRONDHEIM,LAND,FERSKVANN/SALTVANN,14.00,TN,,63.437502,10.398180,,63.437502,10.39818
ST T 0013,974767880,NORGES TEKNISK-NATURVITENSKAPELIGE UNIVERSITET NTNU,7491,7491,TRONDHEIM,23-05-2007,,5001,TRONDHEIM,KOMMERSIELL,MATFISK,Kveite,231101,0.00,KG,500.00,KG,27576,BRATTØRKAIA 17B,5001,TRONDHEIM,LAND,FERSKVANN/SALTVANN,14.00,TN,,63.437502,10.398180,,63.437502,10.39818
ST T 0014,974767880,NORGES TEKNISK-NATURVITENSKAPELIGE UNIVERSITET NTNU,7491,7491,TRONDHEIM,23-05-2007,,5001,TRONDHEIM,KOMMERSIELL,SETTEFISK,Laks,071101,10000.00,STK,10000.00,STK,27576,BRATTØRKAIA 17B,5001,TRONDHEIM,LAND,FERSKVANN/SALTVANN,14.00,TN,,63.437502,10.398180,,63.437502,10.39818
ST T 0014,974767880,NORGES TEKNISK-NATURVITENSKAPELIGE UNIVERSITET NTNU,7491,7491,TRONDHEIM,23-05-2007,,5001,TRONDHEIM,KOMMERSIELL,SETTEFISK,Ørret,071301,0.00,STK,10000.00,STK,27576,BRATTØRKAIA 17B,5001,TRONDHEIM,LAND,FERSKVANN/SALTVANN,14.00,TN,,63.437502,10.398180,,63.437502,10.39818
ST T 0014,974767880,NORGES TEKNISK-NATURVITENSKAPELIGE UNIVERSITET NTNU,7491,7491,TRONDHEIM,23-05-2007,,5001,TRONDHEIM,KOMMERSIELL,SETTEFISK,Regnbueørret,071401,0.00,STK,10000.00,STK,27576,BRATTØRKAIA 17B,5001,TRONDHEIM,LAND,FERSKVANN/SALTVANN,14.00,TN,,63.437502,10.398180,,63.437502,10.39818
ST T 0302,974767880,NORGES TEKNISK-NATURVITENSKAPELIGE UNIVERSITET NTNU,7491,7491,TRONDHEIM,23-05-2007,,5001,TRONDHEIM,KOMMERSIELL,AKVAKULTURDYR TIL KONSUM,Lakselus,259401,0.00,KG,500.00,KG,27576,BRATTØRKAIA 17B,5001,TRONDHEIM,LAND,FERSKVANN/SALTVANN,14.00,TN,,63.437502,10.398180,,63.437502,10.39818
T K 0039,935182484,SALMAR DÅFJORD AS,INDUSTRIVEIEN 51,7266,KVERVA,05-06-2019,,5534,KARLSØY,KOMMERSIELL,SETTEFISK,Laks,071101,0.00,STK,0.00,STK,39737,VINTERNESET,5534,KARLSØY,LAND,FERSKVANN/SALTVANN,0.00,STK,,69.993533,19.388783,,69.993533,19.388783
T K 0039,935182484,SALMAR DÅFJORD AS,INDUSTRIVEIEN 51,7266,KVERVA,05-06-2019,,5534,KARLSØY,KOMMERSIELL,SETTEFISK,Ørret,071301,0.00,STK,0.00,STK,39737,VINTERNESET,5534,KARLSØY,LAND,FERSKVANN/SALTVANN,0.00,STK,,69.993533,19.388783,,69.993533,19.388783
T K 0039,935182484,SALMAR DÅFJORD AS,INDUSTRIVEIEN 51,7266,KVERVA,05-06-2019,,5534,KARLSØY,KOMMERSIELL,SETTEFISK,Regnbueørret,071401,0.00,STK,0.00,STK,39737,VINTERNESET,5534,KARLSØY,LAND,FERSKVANN/SALTVANN,0.00,STK,,69.993533,19.388783,,69.993533,19.388783
T S 0021,964118191,MOWI ASA,POSTBOKS 4102 SANDVIKEN,5835,BERGEN,07-10-2016,,5542,SKJERVØY,KOMMERSIELL,SETTEFISK,Laks,071101,12000000.00,STK,12000000.00,STK,36477,SANDØRA,5542,SKJERVØY,LAND,FERSKVANN/SALTVANN,12000000.00,STK,,70.005050,20.933450,,70.00505,20.93345
T S 0021,964118191,MOWI ASA,POSTBOKS 4102 SANDVIKEN,5835,BERGEN,07-10-2016,,5542,SKJERVØY,KOMMERSIELL,SETTEFISK,Ørret,071301,0.00,STK,12000000.00,STK,36477,SANDØRA,5542,SKJERVØY,LAND,FERSKVANN/SALTVANN,12000000.00,STK,,70.005050,20.933450,,70.00505,20.93345
T S 0021,964118191,MOWI ASA,POSTBOKS 4102 SANDVIKEN,5835,BERGEN,07-10-2016,,5542,SKJERVØY,KOMMERSIELL,SETTEFISK,Regnbueørret,071401,0.00,STK,12000000.00,STK,36477,SANDØRA,5542,SKJERVØY,LAND,FERSKVANN/SALTVANN,12000000.00,STK,,70.005050,20.933450,,70.00505,20.93345
T SL 0007,916157509,SALAKS SETTEFISK AS,SALANGSVERKET 91,9350,SJØVEGAN,21-09-2016,,5522,SALANGEN,KOMMERSIELL,SETTEFISK,Laks,071101,6000000.00,STK,6000000.00,STK,36357,SALANGSVERKET,5522,SALANGEN,LAND,FERSKVANN/SALTVANN,6000000.00,STK,,68.908767,17.716950,,68.908767,17.71695
T SL 0007,916157509,SALAKS SETTEFISK AS,SALANGSVERKET 91,9350,SJØVEGAN,21-09-2016,,5522,SALANGEN,KOMMERSIELL,SETTEFISK,Ørret,071301,0.00,STK,6000000.00,STK,36357,SALANGSVERKET,5522,SALANGEN,LAND,FERSKVANN/SALTVANN,6000000.00,STK,,68.908767,17.716950,,68.908767,17.71695
T SL 0007,916157509,SALAKS SETTEFISK AS,SALANGSVERKET 91,9350,SJØVEGAN,21-09-2016,,5522,SALANGEN,KOMMERSIELL,SETTEFISK,Regnbueørret,071401,0.00,STK,6000000.00,STK,36357,SALANGSVERKET,5522,SALANGEN,LAND,FERSKVANN/SALTVANN,6000000.00,STK,,68.908767,17.716950,,68.908767,17.71695
T T 0032,980900754,HAVBRUKSSTASJONEN I TROMSØ AS,SKARSFJORDVEGEN 860,9131,KÅRVIK,13-12-1989,,5501,TROMSØ,KOMMERSIELL,MATFISK,Torsk,102205,0.00,TN,325.00,TN,10767,INDRE KÅRVIK LAND,5501,TROMSØ,LAND,FERSKVANN/SALTVANN,45.00,TN,,69.868083,18.931033,,69.868083,18.931033
T T 0032,980900754,HAVBRUKSSTASJONEN I TROMSØ AS,SKARSFJORDVEGEN 860,9131,KÅRVIK,13-12-1989,,5501,TROMSØ,KOMMERSIELL,MATFISK,Kveite,231101,0.00,TN,325.00,TN,10767,INDRE KÅRVIK LAND,5501,TROMSØ,LAND,FERSKVANN/SALTVANN,45.00,TN,,69.868083,18.931033,,69.868083,18.931033
T T 0033,980900754,HAVBRUKSSTASJONEN I TROMSØ AS,SKARSFJORDVEGEN 860,9131,KÅRVIK,13-12-1989,,5501,TROMSØ,KOMMERSIELL,SETTEFISK,Laks,071101,200000.00,STK,200000.00,STK,10767,INDRE KÅRVIK LAND,5501,TROMSØ,LAND,FERSKVANN/SALTVANN,45.00,TN,,69.868083,18.931033,,69.868083,18.931033
T T 0033,980900754,HAVBRUKSSTASJONEN I TROMSØ AS,SKARSFJORDVEGEN 860,9131,KÅRVIK,13-12-1989,,5501,TROMSØ,KOMMERSIELL,SETTEFISK,Ørret,071301,0.00,STK,200000.00,STK,10767,INDRE KÅRVIK LAND,5501,TROMSØ,LAND,FERSKVANN/SALTVANN,45.00,TN,,69.868083,18.931033,,69.868083,18.931033
T T 0033,980900754,HAVBRUKSSTASJONEN I TROMSØ AS,SKARSFJORDVEGEN 860,9131,KÅRVIK,13-12-1989,,5501,TROMSØ,KOMMERSIELL,SETTEFISK,Regnbueørret,071401,0.00,STK,200000.00,STK,10767,INDRE KÅRVIK LAND,5501,TROMSØ,LAND,FERSKVANN/SALTVANN,45.00,TN,,69.868083,18.931033,,69.868083,18.931033
T T 0056,980900754,HAVBRUKSSTASJONEN I TROMSØ AS,SKARSFJORDVEGEN 860,9131,KÅRVIK,06-02-2009,,5501,TROMSØ,KOMMERSIELL,STAMFISK,Pukkellaks,073201,0.00,TN,10.00,TN,10767,INDRE KÅRVIK LAND,5501,TROMSØ,LAND,FERSKVANN/SALTVANN,45.00,TN,,69.868083,18.931033,,69.868083,18.931033
T T 0057,980900754,HAVBRUKSSTASJONEN I TROMSØ AS,SKARSFJORDVEGEN 860,9131,KÅRVIK,09-02-2009,,5501,TROMSØ,KOMMERSIELL,STAMFISK,Sei,103201,0.00,TN,10.00,TN,10767,INDRE KÅRVIK LAND,5501,TROMSØ,LAND,FERSKVANN/SALTVANN,45.00,TN,,69.868083,18.931033,,69.868083,18.931033
T T 0057,980900754,HAVBRUKSSTASJONEN I TROMSØ AS,SKARSFJORDVEGEN 860,9131,KÅRVIK,09-02-2009,,5501,TROMSØ,KOMMERSIELL,STAMFISK,Polartorsk,103501,0.00,TN,10.00,TN,10767,INDRE KÅRVIK LAND,5501,TROMSØ,LAND,FERSKVANN/SALTVANN,45.00,TN,,69.868083,18.931033,,69.868083,18.931033
T T 0057,980900754,HAVBRUKSSTASJONEN I TROMSØ AS,SKARSFJORDVEGEN 860,9131,KÅRVIK,09-02-2009,,5501,TROMSØ,KOMMERSIELL,STAMFISK,Blåkveite,231301,0.00,TN,10.00,TN,10767,INDRE KÅRVIK LAND,5501,TROMSØ,LAND,FERSKVANN/SALTVANN,45.00,TN,,69.868083,18.931033,,69.868083,18.931033
T T 0058,980900754,HAVBRUKSSTASJONEN I TROMSØ AS,SKARSFJORDVEGEN 860,9131,KÅRVIK,14-04-2009,,5501,TROMSØ,KOMMERSIELL,SETTEFISK,Pukkellaks,073201,0.00,TN,5.00,TN,10767,INDRE KÅRVIK LAND,5501,TROMSØ,LAND,FERSKVANN/SALTVANN,45.00,TN,,69.868083,18.931033,,69.868083,18.931033
T T 0058,980900754,HAVBRUKSSTASJONEN I TROMSØ AS,SKARSFJORDVEGEN 860,9131,KÅRVIK,14-04-2009,,5501,TROMSØ,KOMMERSIELL,SETTEFISK,Torsk,102205,0.00,TN,5.00,TN,10767,INDRE KÅRVIK LAND,5501,TROMSØ,LAND,FERSKVANN/SALTVANN,45.00,TN,,69.868083,18.931033,,69.868083,18.931033
T T 0058,980900754,HAVBRUKSSTASJONEN I TROMSØ AS,SKARSFJORDVEGEN 860,9131,KÅRVIK,14-04-2009,,5501,TROMSØ,KOMMERSIELL,SETTEFISK,Sei,103201,0.00,TN,5.00,TN,10767,INDRE KÅRVIK LAND,5501,TROMSØ,LAND,FERSKVANN/SALTVANN,45.00,TN,,69.868083,18.931033,,69.868083,18.931033
T T 0058,980900754,HAVBRUKSSTASJONEN I TROMSØ AS,SKARSFJORDVEGEN 860,9131,KÅRVIK,14-04-2009,,5501,TROMSØ,KOMMERSIELL,SETTEFISK,Polartorsk,103501,0.00,TN,5.00,TN,10767,INDRE KÅRVIK LAND,5501,TROMSØ,LAND,FERSKVANN/SALTVANN,45.00,TN,,69.868083,18.931033,,69.868083,18.931033
T T 0058,980900754,HAVBRUKSSTASJONEN I TROMSØ AS,SKARSFJORDVEGEN 860,9131,KÅRVIK,14-04-2009,,5501,TROMSØ,KOMMERSIELL,SETTEFISK,Kveite,231101,0.00,TN,5.00,TN,10767,INDRE KÅRVIK LAND,5501,TROMSØ,LAND,FERSKVANN/SALTVANN,45.00,TN,,69.868083,18.931033,,69.868083,18.931033
T T 0058,980900754,HAVBRUKSSTASJONEN I TROMSØ AS,SKARSFJORDVEGEN 860,9131,KÅRVIK,14-04-2009,,5501,TROMSØ,KOMMERSIELL,SETTEFISK,Blåkveite,231301,0.00,TN,5.00,TN,10767,INDRE KÅRVIK LAND,5501,TROMSØ,LAND,FERSKVANN/SALTVANN,45.00,TN,,69.868083,18.931033,,69.868083,18.931033
T T 0065,985848718,LERØY MIDT AS,INDUSTRIPARKVEIEN 31,7246,SANDSTAD,03-03-2016,03-03-2031,5501,TROMSØ,KOMMERSIELL,STAMFISK,Laks,071101,780.00,TN,780.00,TN,12898,HØNSVIKGULEN,5055,HEIM,LAND,FERSKVANN/SALTVANN,100.00,TN,,63.105017,8.170517,,63.105017,8.170517
VL A 0004,983493777,ATLAX SEAFOOD AS,"C/O ARTIC GROUP AS, HAFSTADVEGEN 32B",6800,FØRDE,26-02-2025,,4645,ASKVOLL,KOMMERSIELL,SETTEFISK,Laks,071101,4000.00,TN,4000.00,TN,45242,NATURA,4645,ASKVOLL,LAND,FERSKVANN/SALTVANN,4000.00,TN,,61.323950,4.949050,,61.32395,4.94905
VL A 0004,983493777,ATLAX SEAFOOD AS,"C/O ARTIC GROUP AS, HAFSTADVEGEN 32B",6800,FØRDE,26-02-2025,,4645,ASKVOLL,KOMMERSIELL,SETTEFISK,Ørret,071301,0.00,TN,4000.00,TN,45242,NATURA,4645,ASKVOLL,LAND,FERSKVANN/SALTVANN,4000.00,TN,,61.323950,4.949050,,61.32395,4.94905
VL A 0004,983493777,ATLAX SEAFOOD AS,"C/O ARTIC GROUP AS, HAFSTADVEGEN 32B",6800,FØRDE,26-02-2025,,4645,ASKVOLL,KOMMERSIELL,SETTEFISK,Regnbueørret,071401,0.00,TN,4000.00,TN,45242,NATURA,4645,ASKVOLL,LAND,FERSKVANN/SALTVANN,4000.00,TN,,61.323950,4.949050,,61.32395,4.94905
VL B 0009,821311632,VESTLAND FYLKESKOMMUNE,ASKEDALEN 2,6863,LEIKANGER,18-07-2025,,4613,BØMLO,KOMMERSIELL,MATFISK,Torsk,102205,0.00,TN,1.00,TN,45263,RUBBESTADNESET,4613,BØMLO,LAND,FERSKVANN/SALTVANN,1.00,TN,,59.816633,5.270667,,59.816633,5.270667
VL B 0009,821311632,VESTLAND FYLKESKOMMUNE,ASKEDALEN 2,6863,LEIKANGER,18-07-2025,,4613,BØMLO,KOMMERSIELL,MATFISK,Kveite,231101,0.00,TN,1.00,TN,45263,RUBBESTADNESET,4613,BØMLO,LAND,FERSKVANN/SALTVANN,1.00,TN,,59.816633,5.270667,,59.816633,5.270667
VL BN 0001,874789542,UNIVERSITETET I BERGEN,POSTBOKS 7800,5020,BERGEN,19-08-2021,,4601,BERGEN,KOMMERSIELL,MATFISK,Laks,071101,12.50,TN,12.50,TN,11555,INDUSTRILAB HIB,4601,BERGEN,LAND,FERSKVANN/SALTVANN,12.50,TN,,60.381200,5.332533,,60.3812,5.332533
VL BN 0001,874789542,UNIVERSITETET I BERGEN,POSTBOKS 7800,5020,BERGEN,19-08-2021,,4601,BERGEN,KOMMERSIELL,MATFISK,Ørret,071301,0.00,TN,12.50,TN,11555,INDUSTRILAB HIB,4601,BERGEN,LAND,FERSKVANN/SALTVANN,12.50,TN,,60.381200,5.332533,,60.3812,5.332533
VL BN 0001,874789542,UNIVERSITETET I BERGEN,POSTBOKS 7800,5020,BERGEN,19-08-2021,,4601,BERGEN,KOMMERSIELL,MATFISK,Regnbueørret,071401,0.00,TN,12.50,TN,11555,INDUSTRILAB HIB,4601,BERGEN,LAND,FERSKVANN/SALTVANN,12.50,TN,,60.381200,5.332533,,60.3812,5.332533
VL BN 0002,874789542,UNIVERSITETET I BERGEN,POSTBOKS 7800,5020,BERGEN,19-08-2021,,4601,BERGEN,KOMMERSIELL,MATFISK,Laks,071101,12.50,TN,12.50,TN,36577,MARINEHOLMEN FORSKINGSPARK,4601,BERGEN,LAND,FERSKVANN/SALTVANN,12.50,TN,,60.381350,5.329050,,60.38135,5.32905
VL BN 0002,874789542,UNIVERSITETET I BERGEN,POSTBOKS 7800,5020,BERGEN,19-08-2021,,4601,BERGEN,KOMMERSIELL,MATFISK,Ørret,071301,0.00,TN,12.50,TN,36577,MARINEHOLMEN FORSKINGSPARK,4601,BERGEN,LAND,FERSKVANN/SALTVANN,12.50,TN,,60.381350,5.329050,,60.38135,5.32905
VL BN 0002,874789542,UNIVERSITETET I BERGEN,POSTBOKS 7800,5020,BERGEN,19-08-2021,,4601,BERGEN,KOMMERSIELL,MATFISK,Regnbueørret,071401,0.00,TN,12.50,TN,36577,MARINEHOLMEN FORSKINGSPARK,4601,BERGEN,LAND,FERSKVANN/SALTVANN,12.50,TN,,60.381350,5.329050,,60.38135,5.32905
VL KI 0001,925448761,HAVLANDET MARIN YNGEL TORSK AS,POSTBOKS 6,6901,FLORØ,05-11-2020,,4602,KINN,KOMMERSIELL,SETTEFISK,Torsk,102205,3100.00,TN,0.00,STK,39677,GADDHOLMEN I,4602,KINN,LAND,FERSKVANN/SALTVANN,3100.00,TN,,61.611067,5.039450,,61.611067,5.03945
VL KI 0013,985672911,OFS MÅLØY AS,POSTBOKS 5,6701,MÅLØY,03-04-2024,,4602,KINN,KOMMERSIELL,SETTEFISK,Laks,071101,15000.00,TN,15000.00,TN,45212,BARSTADVIK II,4602,KINN,LAND,FERSKVANN/SALTVANN,15000.00,TN,,61.966033,5.138767,,61.966033,5.138767
VL KI 0013,985672911,OFS MÅLØY AS,POSTBOKS 5,6701,MÅLØY,03-04-2024,,4602,KINN,KOMMERSIELL,SETTEFISK,Ørret,071301,0.00,TN,15000.00,TN,45212,BARSTADVIK II,4602,KINN,LAND,FERSKVANN/SALTVANN,15000.00,TN,,61.966033,5.138767,,61.966033,5.138767
VL KI 0013,985672911,OFS MÅLØY AS,POSTBOKS 5,6701,MÅLØY,03-04-2024,,4602,KINN,KOMMERSIELL,SETTEFISK,Regnbueørret,071401,0.00,TN,15000.00,TN,45212,BARSTADVIK II,4602,KINN,LAND,FERSKVANN/SALTVANN,15000.00,TN,,61.966033,5.138767,,61.966033,5.138767
VL SD 0001,993732850,STORD HAVBRUKSPARK AS,CHRISTIAN MICHELSENS GATE 6B,5012,BERGEN,21-08-2023,,4614,STORD,KOMMERSIELL,MATFISK,Laks,071101,5000.00,TN,5000.00,TN,45194,GRUNNAVÅGEN,4614,STORD,LAND,FERSKVANN/SALTVANN,5000.00,TN,,59.771083,5.384317,,59.771083,5.384317
VL SD 0001,993732850,STORD HAVBRUKSPARK AS,CHRISTIAN MICHELSENS GATE 6B,5012,BERGEN,21-08-2023,,4614,STORD,KOMMERSIELL,MATFISK,Ørret,071301,0.00,TN,5000.00,TN,45194,GRUNNAVÅGEN,4614,STORD,LAND,FERSKVANN/SALTVANN,5000.00,TN,,59.771083,5.384317,,59.771083,5.384317
VL SD 0001,993732850,STORD HAVBRUKSPARK AS,CHRISTIAN MICHELSENS GATE 6B,5012,BERGEN,21-08-2023,,4614,STORD,KOMMERSIELL,MATFISK,Regnbueørret,071401,0.00,TN,5000.00,TN,45194,GRUNNAVÅGEN,4614,STORD,LAND,FERSKVANN/SALTVANN,5000.00,TN,,59.771083,5.384317,,59.771083,5.384317
VN FN 0003,855869942,NORSK INSTITUTT FOR VANNFORSKNING STI,ØKERNVEIEN 94,0579,OSLO,09-02-2022,,3214,FROGN,KOMMERSIELL,STAMFISK,Laksesild,064101,0.00,TN,3.70,TN,10173,SOLBERGSTRAND,3214,FROGN,LAND,FERSKVANN/SALTVANN,7.50,TN,,59.615783,10.652650,,59.615783,10.65265
VN FN 0003,855869942,NORSK INSTITUTT FOR VANNFORSKNING STI,ØKERNVEIEN 94,0579,OSLO,09-02-2022,,3214,FROGN,KOMMERSIELL,STAMFISK,Sei,103201,0.00,TN,3.70,TN,10173,SOLBERGSTRAND,3214,FROGN,LAND,FERSKVANN/SALTVANN,7.50,TN,,59.615783,10.652650,,59.615783,10.65265
VN FN 0003,855869942,NORSK INSTITUTT FOR VANNFORSKNING STI,ØKERNVEIEN 94,0579,OSLO,09-02-2022,,3214,FROGN,KOMMERSIELL,STAMFISK,Skjeggtorsk,103701,0.00,TN,3.70,TN,10173,SOLBERGSTRAND,3214,FROGN,LAND,FERSKVANN/SALTVANN,7.50,TN,,59.615783,10.652650,,59.615783,10.65265
VN FN 0003,855869942,NORSK INSTITUTT FOR VANNFORSKNING STI,ØKERNVEIEN 94,0579,OSLO,09-02-2022,,3214,FROGN,KOMMERSIELL,STAMFISK,Paddetorsk,104101,0.00,TN,3.70,TN,10173,SOLBERGSTRAND,3214,FROGN,LAND,FERSKVANN/SALTVANN,7.50,TN,,59.615783,10.652650,,59.615783,10.65265
VN FN 0004,855869942,NORSK INSTITUTT FOR VANNFORSKNING STI,ØKERNVEIEN 94,0579,OSLO,09-02-2022,,3214,FROGN,KOMMERSIELL,SETTEFISK,Laksesild,064101,0.00,TN,3.70,TN,10173,SOLBERGSTRAND,3214,FROGN,LAND,FERSKVANN/SALTVANN,7.50,TN,,59.615783,10.652650,,59.615783,10.65265
VN FN 0004,855869942,NORSK INSTITUTT FOR VANNFORSKNING STI,ØKERNVEIEN 94,0579,OSLO,09-02-2022,,3214,FROGN,KOMMERSIELL,SETTEFISK,Sei,103201,0.00,TN,3.70,TN,10173,SOLBERGSTRAND,3214,FROGN,LAND,FERSKVANN/SALTVANN,7.50,TN,,59.615783,10.652650,,59.615783,10.65265
VN FN 0004,855869942,NORSK INSTITUTT FOR VANNFORSKNING STI,ØKERNVEIEN 94,0579,OSLO,09-02-2022,,3214,FROGN,KOMMERSIELL,SETTEFISK,Skjeggtorsk,103701,0.00,TN,3.70,TN,10173,SOLBERGSTRAND,3214,FROGN,LAND,FERSKVANN/SALTVANN,7.50,TN,,59.615783,10.652650,,59.615783,10.65265
VN FN 0004,855869942,NORSK INSTITUTT FOR VANNFORSKNING STI,ØKERNVEIEN 94,0579,OSLO,09-02-2022,,3214,FROGN,KOMMERSIELL,SETTEFISK,Paddetorsk,104101,0.00,TN,3.70,TN,10173,SOLBERGSTRAND,3214,FROGN,LAND,FERSKVANN/SALTVANN,7.50,TN,,59.615783,10.652650,,59.615783,10.65265
VN FN 0005,855869942,NORSK INSTITUTT FOR VANNFORSKNING STI,ØKERNVEIEN 94,0579,OSLO,09-02-2022,,3214,FROGN,KOMMERSIELL,AKVAKULTURDYR I TIDLIGE LIVSSTADIER,Lakselus,259401,0.00,TN,3.70,TN,10173,SOLBERGSTRAND,3214,FROGN,LAND,FERSKVANN/SALTVANN,7.50,TN,,59.615783,10.652650,,59.615783,10.65265
VN FN 0006,855869942,NORSK INSTITUTT FOR VANNFORSKNING STI,ØKERNVEIEN 94,0579,OSLO,09-02-2022,,3214,FROGN,KOMMERSIELL,STAMDYR,Lakselus,259401,0.00,TN,3.70,TN,10173,SOLBERGSTRAND,3214,FROGN,LAND,FERSKVANN/SALTVANN,7.50,TN,,59.615783,10.652650,,59.615783,10.65265
