country,platformid,current_status,name,category,function,operator,location_blocks,primary_production,weight_sub,weight_top,production_start,valid_from,valid_to,water_depth,coast_dist,remarks,lon_dd,lat_dd
Norway,277713,Operational,NJORD A,Floating steel,Above water production,Equinor Energy AS,NO_6407/7,Crude Oil,10701,15405,,19971001,,330,73848.4842263,SEMISUB STEEL; DRILLING - OIL PRODUCER - PROCESSING - QUARTER,7.2015222,64.2709889
Norway,272421,Operational,HEIDRUN,Floating concrete,Above water production,Equinor Energy AS,NO_6507/7,Crude Oil,290000,65000,,19951019,,345,158665.314477,TLP CONCRETE; DRILLING - OIL PRODUCER - PROCESSING - QUARTER,7.3175,65.3258333
Norway,368635,Operational,KRISTIN,Floating steel,Above water production,Equinor Energy AS,NO_6406/2,Natural Gas,56628,19000,,20051103,,360,153627.457556,SEMISUB STEEL; GAS PRODUCER - OIL PRODUCER - PROCESSING - QUARTER,6.5513417,64.9939556
Norway,279785,Operational,ÅSGARD A,Floating steel,Above water production,Equinor Energy AS,NO_6506/12,Crude Oil,,15000,,19990520,,315,154801.277984,FPSO; OFFLOADING - PROCESSING - QUARTER - STORAGE,6.7274444,65.0644167
Norway,279589,Operational,NORNE FPSO,Floating steel,Above water production,Equinor Energy AS,NO_6608/10,Crude Oil,,12372,,19971105,,378,152564.295135,FPSO; OFFLOADING - PROCESSING - QUARTER - STORAGE,8.0883583,66.0272917
Norway,280121,Operational,ÅSGARD B,Floating steel,Above water production,Equinor Energy AS,NO_6506/12,Natural Gas,,33600,,20001004,,300,157341.618451,SEMISUB STEEL; GAS EXPORT - PROCESSING - QUARTER,6.7911861,65.1103722
Norway,403167,Operational,YME WHM,Fixed steel,Above water production,Repsol Norge AS,NO_9/2,Crude Oil,45300,12400,,20211025,,93,103878.278751,MOPUStor; OFFLOADING - STORAGE - WELLHEAD,4.5354361,57.8160889
Norway,272393,Operational,DRAUGEN,Gravity-based concrete,Above water production,OKEA ASA,NO_6407/9,Crude Oil,208000,28000,,19931019,,252,61140.2399368,CONDEEP MONOSHAFT; DRILLING - PROCESSING - QUARTER - STORAGE,7.7826056,64.3531722
Norway,414071,Operational,SKARV FPSO,Fixed steel,Above water production,Aker BP ASA,NO_6507/5,Natural Gas,,17000,,20121231,,368,161436.937328,FPSO; OFFLOADING - PROCESSING - QUARTER - STORAGE,7.6510861,65.6977778
Norway,395215,Operational,6407/7-A-4 H,Subsea steel,Subsea,Equinor Energy AS,NO_6407/7,Crude Oil,,,,20040131,,330,73827.1860369,SINGLE WELL TEMPLATE; GAS INJECTION,7.2016028,64.2707194
Norway,287373,Operational,DRAUGEN T,Subsea steel,Subsea,Gassco AS,NO_6406/11,,,,,20001010,,344.5,103355.928933,SUBSEA STRUCTURE; T-CONNECTION,6.4412583,64.2332556
Norway,281829,Operational,DRAUGEN PLEM 105,Subsea steel,Other,OKEA ASA,NO_6407/9,,,,,19931019,,257,59012.0891596,SUBSEA STRUCTURE; PIPELINE END MANIFOLD,7.8371722,64.3471972
Norway,287485,Under construction,VØRING T,,,Gassco AS,,,,,,,,171,25607.5138674,SUBSEA STRUCTURE; T-CONNECTION,4.5991417,62.2193861
Norway,411180,Operational,GOLIAT F,,,Vår Energi ASA,,,,,,20160312,,350,48917.1861615,MULTI WELL TEMPLATE; GAS INJECTION,22.2599333,71.2594
Norway,278917,Operational,ÅSGARD X,Subsea steel,Subsea,Equinor Energy AS,NO_6507/11,Crude Oil,,,,20001004,,298,133622.165668,MULTI WELL TEMPLATE; GAS PRODUCER,7.4929722,65.0676389
Norway,284097,Operational,6407/9-D-2 H,Subsea steel,Subsea,OKEA ASA,NO_6407/9,Crude Oil,,,,20020422,,265,62039.6496492,SINGLE WELL TEMPLATE; OIL PRODUCER,7.7232944,64.3424028
Norway,356124,Operational,HEIDRUN C,Subsea steel,Subsea,Equinor Energy AS,NO_6507/7,,,,,19950815,,327,158093.124251,MULTI WELL TEMPLATE; WATER INJECTION,7.3030806,65.28635
Norway,377615,Operational,TYRIHANS A,Subsea steel,Subsea,Equinor Energy AS,NO_6407/1,Crude Oil,,,,20090708,,286,129479.03867,MULTI WELL TEMPLATE; OIL PRODUCER,7.0713444,64.8889583
Norway,279309,Operational,NORNE E,Subsea steel,Subsea,Equinor Energy AS,NO_6608/10,Crude Oil,,,,19971105,,379,152649.879388,MULTI WELL TEMPLATE; OIL PRODUCER,8.0982361,66.0454722
Norway,411122,Operational,GOLIAT E,,,Vår Energi ASA,,,,,,20160312,,323,47531.6507781,MULTI WELL TEMPLATE; OIL PRODUCER,22.25015,71.2433556
Norway,284349,Closed down,6407/9-A-53 H,Subsea steel,Subsea,OKEA ASA,NO_6407/9,Crude Oil,,,,19931019,,277,59381.561962,SINGLE WELL TEMPLATE; OIL PRODUCER,7.7752528,64.3302611
Norway,444187,Operational,AASTA HANSTEEN SPAR,,,Equinor Energy AS,,,,,,20181217,,1315,208218.186589,SPAR; ACCOMMODATION - OFFLOADING - PROCESSING - STORAGE,7.0974778,67.0669917
Norway,432583,Operational,ÅSGARD SCMS-A,,,Equinor Energy AS,,,,,,20150916,,267,126937.925446,SUBSEA STRUCTURE; MANIFOLD STATION,7.5209167,64.9974972
Norway,370616,Operational,SNØHVIT CDU-1,Subsea steel,Subsea,Equinor Energy AS,NO_7121/4,Crude Oil,,,,20070821,,325,98194.220155,SUBSEA STRUCTURE; DISTRIBUTION,21.2275333,71.5693
Norway,441965,Operational,AASTA HANSTEEN D,,,Equinor Energy AS,,,,,,20181217,,1278,211685.659546,MULTI WELL TEMPLATE; GAS PRODUCER,7.0124333,67.0727639
Norway,455081,Operational,AASTA HANSTEEN E,,,Equinor Energy AS,,,,,,20181101,,1311,217664.648311,SINGLE WELL TEMPLATE; GAS PRODUCER,6.8645444,67.0857056
Norway,283537,Operational,MIKKEL B,Subsea steel,Subsea,Equinor Energy AS,NO_6407/5,Natural Gas,,,,20031001,,220,91774.9137998,MULTI WELL TEMPLATE; GAS PRODUCER,7.6636417,64.6470833
Norway,364750,Operational,NORNE J,Subsea steel,Subsea,Equinor Energy AS,NO_6608/10,Crude Oil,,,,20051108,,390,149566.275857,MULTI WELL TEMPLATE; OIL PRODUCER - WATER INJECTION,8.1713556,66.0491222
Norway,713830,Operational,6507/3-H-1H ÆRFUGL,,,Aker BP ASA,,,,,,20211103,,356,165898.983903,SINGLE WELL TEMPLATE; GAS PRODUCER,7.6926722,65.8413889
Norway,456869,Operational,JOHAN SVERDRUP STATPIPE HOT TAP,,,Equinor Energy AS,,,,,,20191005,,0.0,3969.6320515,SUBSEA STRUCTURE; GAS EXPORT - MANIFOLD,5.0534111,59.3271528
Norway,458633,Under construction,DVALIN PLEM,,,,,,,,,20201001,,345,164864.076746,SUBSEA STRUCTURE; PIPELINE END MANIFOLD,7.184125,65.3330694
Norway,360444,Operational,KRISTIN S,Subsea steel,Subsea,Equinor Energy AS,NO_6406/2,Natural Gas,,,,20051103,,364,155828.559312,MULTI WELL TEMPLATE; GAS PRODUCER,6.4349139,64.9775222
Norway,285161,Operational,6407/7-A-5 H,Subsea steel,Subsea,Equinor Energy AS,NO_6407/7,Crude Oil,,,,19971001,,330,73822.6955598,SINGLE WELL TEMPLATE; OIL PRODUCER,7.2017972,64.2707639
Norway,411064,Operational,GOLIAT D,,,Vår Energi ASA,,,,,,20160312,,350,48935.7902573,MULTI WELL TEMPLATE; OIL PRODUCER,22.2618194,71.2599222
Norway,285049,Operational,6407/7-A-16 H,Subsea steel,Subsea,Equinor Energy AS,NO_6407/7,Crude Oil,,,,19971001,,330,73875.8893024,SINGLE WELL TEMPLATE; OIL PRODUCER,7.2013611,64.2713028
Norway,408694,Operational,IDUN,Fixed steel,Subsea,Aker BP ASA,NO_6507/3,Crude Oil,,,,20121231,,393,162855.049337,MULTI WELL TEMPLATE; GAS PRODUCER - OIL PRODUCER,7.7206944,65.798325
Norway,285021,Operational,6407/7-A-19 H,,,Equinor Energy AS,,,,,,19971001,,330,73865.6049489,SINGLE WELL TEMPLATE; OIL PRODUCER,7.20155,64.2712583
Norway,279561,Operational,NJORD BRAVO,Floating steel,Above water production,Equinor Energy AS,NO_6407/7,Crude Oil,,,,19971001,,330,71952.3854194,FSU; OFFLOADING - STORAGE,7.2530806,64.2720611
Norway,283621,Operational,HEIDRUN E,Subsea steel,Subsea,Equinor Energy AS,NO_6507/8,Crude Oil,,,,20000815,,363.399993896,158251.810729,MULTI WELL TEMPLATE; OIL PRODUCER,7.3693833,65.3832944
Norway,371178,Operational,ORMEN LANGE A,Subsea steel,Subsea,A/S Norske Shell,NO_6305/8,Natural Gas,,,,20070913,,850,90788.6410643,MULTI WELL TEMPLATE; GAS PRODUCER,5.3865194,63.4967583
Norway,365658,Operational,ÅSGARD RB,Subsea steel,Subsea,Equinor Energy AS,NO_6506/12,,,,,20050826,,315,155007.156641,SUBSEA STRUCTURE; RISER BASE,6.7273056,65.0666389
Norway,424593,Operational,HYME,Fixed steel,Subsea,Equinor Energy AS,NO_6507/8,Crude Oil,,,,20130225,,256,68723.3398884,MULTI WELL TEMPLATE; OIL PRODUCER - WATER INJECTION,7.5512556,64.3581611
Norway,377652,Operational,TYRIHANS B,Subsea steel,Subsea,Equinor Energy AS,NO_6407/1,Crude Oil,,,,20090708,,273,122851.48173,MULTI WELL TEMPLATE; OIL PRODUCER,7.0567806,64.8116056
Norway,287457,Under construction,MØRE T,,,Gassco AS,,,,,,,,254,82745.1065617,SUBSEA STRUCTURE; T-CONNECTION,5.9936028,63.5999806
Norway,406335,Operational,SKARV ERB,Fixed steel,Other,Aker BP ASA,NO_6507/5,Natural Gas,,,,20121110,,369,161094.049786,SUBSEA STRUCTURE; RISER BASE,7.6544556,65.6941944
Norway,287261,Operational,NORNE/HEIDRUN T,Subsea steel,Subsea,Gassco AS,NO_6506/12,,,,,20010205,,311,154672.573234,SUBSEA STRUCTURE; T-CONNECTION,6.8014611,65.0845167
Norway,284741,Operational,6407/7-A-10 H,Subsea steel,Subsea,Equinor Energy AS,NO_6407/7,Crude Oil,,,,19971001,,330,73810.2229375,SINGLE WELL TEMPLATE; OIL PRODUCER,7.2026222,64.27105
Norway,364352,Operational,SNØHVIT F,Subsea steel,Subsea,Equinor Energy AS,NO_7121/4,Natural Gas,,,,20080422,,318,105576.309732,MULTI WELL TEMPLATE; GAS INJECTION,21.0580389,71.6110278
Norway,372501,Operational,NORNE K,Subsea steel,Subsea,Equinor Energy AS,NO_6608/10,Crude Oil,,,,20061018,,376,153710.13254,MULTI WELL TEMPLATE; OIL PRODUCER,8.0538889,66.0136111
Norway,451120,Under construction,FENJA G,,,Neptune Energy Norge AS,,,,,,,,325,79479.2662623,MULTI WELL TEMPLATE; GAS PRODUCER - OIL PRODUCER,6.7509,64.03065
Norway,286813,Operational,HEIDRUN PLEM-2,Subsea steel,Subsea,Equinor Energy AS,NO_6507/8,,,,,19951019,,345,157023.610174,SUBSEA STRUCTURE; PIPELINE END MANIFOLD,7.3655083,65.3418472
Norway,442817,Under construction,6407/9-G-5 H,,,OKEA ASA,,,,,,,,289,55166.8795893,SINGLE WELL TEMPLATE; OIL PRODUCER,7.7286778,64.2638639
Norway,287709,Operational,HEIDRUN STL-II,Other,Other,Equinor Energy AS,NO_6507/8,Crude Oil,,,,20140820,,353,157064.822394,LOADING SYSTEM; OFFLOADING,7.3658694,65.3436194
Norway,287513,Under construction,FLORØ T,,,Gassco AS,,,,,,,,345,26093.5859598,SUBSEA STRUCTURE; T-CONNECTION,4.1326778,61.4015194
Norway,278945,Operational,ÅSGARD Y,Subsea steel,Subsea,Equinor Energy AS,NO_6507/11,Crude Oil,,,,20001004,,260,126415.719497,MULTI WELL TEMPLATE; GAS PRODUCER,7.557,65.0051667
Norway,285217,Operational,6407/7-A-7 H,Subsea steel,Subsea,Equinor Energy AS,NO_6407/7,Crude Oil,,,,19971001,,330,73813.8138268,SINGLE WELL TEMPLATE; GAS INJECTION,7.2022028,64.2708639
Norway,281801,Closed down,6407/9-A-55 H,,,OKEA ASA,,,,,,19931019,,286,56234.6357407,SINGLE WELL TEMPLATE; OIL PRODUCER,7.7374056,64.2784306
Norway,287401,Operational,ÅSGARD T,Subsea steel,Subsea,Gassco AS,NO_6506/11,,,,,,,310.799987793,154923.537971,SUBSEA STRUCTURE; T-CONNECTION,6.6550306,65.0434417
Norway,458752,Under construction,DVALIN PRODUCTION RISER BASE SSIV,,,,,,,,,20201001,,345,158203.089132,SUBSEA STRUCTURE,7.3274528,65.3252972
Norway,370654,Operational,SNØHVIT PLEM-1,Subsea steel,Subsea,Equinor Energy AS,NO_7121/4,Natural Gas,,,,20070821,,325,98393.6935793,SUBSEA STRUCTURE; PIPELINE END MANIFOLD,21.2265361,71.5713361
Norway,279225,Operational,NORNE B,Subsea steel,Subsea,Equinor Energy AS,NO_6608/10,Crude Oil,,,,19971105,,374,153737.657432,MULTI WELL TEMPLATE; OIL PRODUCER,8.0542,66.0151694
Norway,280149,Operational,ÅSGARD C,Floating steel,Above water production,Equinor Energy AS,NO_6506/12,Condensate,,,,20001004,,290,157432.237021,FSU; OFFLOADING - STORAGE,6.8657861,65.1313694
Norway,451474,Operational,6507/5-M-1H ÆRFUGL,,,Aker BP ASA,,,,,,20201112,,420,164883.38507,SINGLE WELL TEMPLATE; GAS PRODUCER,7.4249833,65.5944583
Norway,363659,Operational,ÅSGARD Q,Subsea steel,Subsea,Equinor Energy AS,NO_6506/12,Crude Oil,,,,20050826,,300,146921.350706,MULTI WELL TEMPLATE; OIL PRODUCER,6.941875,65.0401722
Norway,405160,Operational,MOR-A,Subsea steel,Subsea,Equinor Energy AS,NO_6506/11,Crude Oil,,,,20100801,,360,168261.761369,MULTI WELL TEMPLATE; OIL PRODUCER,6.477875,65.1369722
Norway,278889,Operational,ÅSGARD P,Subsea steel,Subsea,Equinor Energy AS,NO_6506/12,Crude Oil,,,,19990520,,310,146934.462336,MULTI WELL TEMPLATE; OIL PRODUCER,6.8793889,65.0229944
Norway,432476,Operational,ÅSGARD SCSt-A,,,Equinor Energy AS,,,,,,20150916,,267,126972.426234,SUBSEA STRUCTURE; SUBSEA COMPRESSION,7.5193528,64.9973028
Norway,450653,Operational,TRESTAKK B,,,Equinor Energy AS,,,,,,20190716,,297,132981.95586,SINGLE WELL TEMPLATE; OIL PRODUCER,6.7869333,64.8359806
Norway,281997,Operational,HEIDRUN RISER-BASE,Subsea steel,Other,Equinor Energy AS,NO_6507/7,,,,,19950815,,350,158593.185273,SUBSEA STRUCTURE; RISER BASE,7.3175,65.3234694
Norway,278805,Operational,ÅSGARD M,Subsea steel,Subsea,Equinor Energy AS,NO_6506/12,Natural Gas,,,,20001004,,273,163021.727231,MULTI WELL TEMPLATE; GAS INJECTION,6.8008889,65.1734444
Norway,408517,Operational,TILJE,Fixed steel,Subsea,Aker BP ASA,NO_6507/5,Natural Gas,,,,20121231,,324,163427.620766,MULTI WELL TEMPLATE; GAS PRODUCER - OIL PRODUCER,7.6514611,65.7382028
Norway,364789,Operational,NORNE G,Subsea steel,Subsea,Equinor Energy AS,NO_6608/10,Crude Oil,,,,20051108,,390,147134.825949,MULTI WELL TEMPLATE; OIL PRODUCER,8.2488194,66.078325
Norway,451366,Operational,6507/5-K-1H ÆRFUGL,,,Aker BP ASA,,,,,,20201112,,409,165449.672951,SINGLE WELL TEMPLATE; GAS PRODUCER,7.548,65.6974056
Norway,278693,Operational,ÅSGARD J,Subsea steel,Subsea,Equinor Energy AS,NO_6506/12,Natural Gas,,,,20001004,,256,164054.952967,MULTI WELL TEMPLATE; OIL PRODUCER,6.7330833,65.1663333
Norway,287737,Operational,NJORD STL,Other,Other,Equinor Energy AS,NO_6407/7,Crude Oil,,,,19971001,,100.5,71952.3854194,LOADING SYSTEM,7.2530806,64.2720611
Norway,447414,Operational,MARIA H,,,Wintershall Dea Norge AS,,,,,,20171217,,303,137958.903896,MULTI WELL TEMPLATE; GAS PRODUCER - OIL PRODUCER - WATER INJECTION,6.9545639,64.9472278
Norway,451185,Under construction,FENJA H,,,Neptune Energy Norge AS,,,,,,,,325,79497.8345151,MULTI WELL TEMPLATE; GAS INJECTOR - WATER INJECTION,6.7482972,64.0299361
Norway,278973,Operational,ÅSGARD Z,Subsea steel,Subsea,Equinor Energy AS,NO_6407/2,Crude Oil,,,,20001004,,245,121514.273959,MULTI WELL TEMPLATE; GAS PRODUCER,7.6221389,64.9708056
Norway,284685,Operational,6407/7-A-1 H,Subsea steel,Subsea,Equinor Energy AS,NO_6407/7,Crude Oil,,,,19971001,,330,73848.2951898,SINGLE WELL TEMPLATE; WATER INJECTION,7.2015222,64.2709861
Norway,391161,Operational,6407/9-D-3 H,Subsea steel,Subsea,OKEA ASA,NO_6407/9,Crude Oil,,,,20080927,,254,63938.1141555,SINGLE WELL TEMPLATE; OIL PRODUCER,7.7127222,64.3608889
Norway,451051,Under construction,BAUGE,,,Equinor Energy AS,,,,,,20201201,,282,71161.3792573,MULTI WELL TEMPLATE; OIL PRODUCER,7.4616306,64.3550472
Norway,284769,Operational,6407/7-A-11 H,Subsea steel,Subsea,Equinor Energy AS,NO_6407/7,Crude Oil,,,,19971001,,330,73820.7682698,SINGLE WELL TEMPLATE; OIL PRODUCER,7.2024167,64.2710889
Norway,287597,Operational,TOR II Y,Subsea steel,Subsea,Equinor Energy AS,NO_32/1,,,,,20041001,,340,30891.8578676,SUBSEA STRUCTURE; Y-CONNECTION,4.0602778,60.8489583
Norway,286785,Operational,HEIDRUN PLEM-1,Subsea steel,Subsea,Equinor Energy AS,NO_6507/8,,,,,19951019,,343,155811.582777,SUBSEA STRUCTURE; PIPELINE END MANIFOLD,7.3784111,65.3217306
Norway,283509,Operational,MIKKEL A,Subsea steel,Subsea,Equinor Energy AS,NO_6407/6,Natural Gas,,,,20031001,,220,97903.7237503,MULTI WELL TEMPLATE; GAS PRODUCER,7.6807222,64.7126194
Norway,282585,Decommissioned,YME B VEST,Subsea steel,Subsea,Repsol Norge AS,NO_9/2,Crude Oil,,,,19991101,,85,116453.33803,MULTI WELL TEMPLATE; OIL PRODUCER,4.3559778,57.7542194
Norway,279337,Operational,NORNE F,Subsea steel,Subsea,Equinor Energy AS,NO_6608/10,Crude Oil,,,,19980702,,380,152548.407793,MULTI WELL TEMPLATE; WATER INJECTION,8.1000722,66.0447472
Norway,461086,Closed down,LAVRANS,,,Equinor Energy AS,,,,,,,,270,141052.300333,MULTI WELL TEMPLATE; DRILLING TEMPLATE,6.5593472,64.8484944
Norway,278553,Operational,ÅSGARD F,Subsea steel,Subsea,Equinor Energy AS,NO_6506/11,Natural Gas,,,,19990520,,300,155235.644537,MULTI WELL TEMPLATE; OIL PRODUCER,6.60125,65.0295278
Norway,434044,Operational,ROGN SØR MANIFOLD,Subsea steel,Subsea,OKEA ASA,NO_6407/9,Crude Oil,,,,20131201,,293,55077.6010688,SUBSEA STRUCTURE; MANIFOLD STATION,7.7296,64.2631639
Norway,283649,Under construction,HEIDRUN F,Subsea steel,Subsea,Equinor Energy AS,NO_6507/8,Crude Oil,,,,,,358.100006104,158316.590631,MULTI WELL TEMPLATE; WATER INJECTION,7.3570306,65.3694389
Norway,377763,Under construction,TYRIHANS W,Subsea steel,Subsea,Equinor Energy AS,NO_6407/1,Crude Oil,,,,,,282,126110.777349,MULTI WELL TEMPLATE; WATER INJECTION,7.0153167,64.8349139
Norway,278721,Operational,ÅSGARD E,Subsea steel,Subsea,Equinor Energy AS,NO_6506/11,Natural Gas,,,,19990520,,305,158374.94637,MULTI WELL TEMPLATE; GAS INJECTION - OIL PRODUCER,6.6113667,65.0683194
Norway,278833,Operational,ÅSGARD S,Subsea steel,Subsea,Equinor Energy AS,NO_6506/12,Crude Oil,,,,19990520,,300,144564.503602,MULTI WELL TEMPLATE; OIL PRODUCER,6.9458889,65.0161111
Norway,413766,Operational,ÅSGARD NB,,,Equinor Energy AS,,,,,,20120210,,301,164531.478086,SINGLE WELL TEMPLATE; GAS PRODUCER - OIL PRODUCER,6.9082694,65.217
Norway,364315,Operational,SNØHVIT E,Subsea steel,Subsea,Equinor Energy AS,NO_7121/4,Natural Gas,,,,20070821,,336,101362.490871,MULTI WELL TEMPLATE; GAS PRODUCER,21.1835306,71.5945278
Norway,395591,Under construction,KRISTIN Q,Subsea steel,Subsea,Equinor Energy AS,NO_6406/2,Natural Gas,,,,,,320,147644.013113,MULTI WELL TEMPLATE; GAS PRODUCER,6.4349361,64.8811611
Norway,279281,Operational,NORNE D,Subsea steel,Subsea,Equinor Energy AS,NO_6608/10,Crude Oil,,,,19971105,,378,153537.690931,MULTI WELL TEMPLATE; OIL PRODUCER,8.0578667,66.0137194
Norway,458692,Under construction,DVALIN GAS EXPORT RISER BASE,,,,,,,,,20201001,,345,158246.229511,SUBSEA STRUCTURE,7.3266722,65.3255639
Norway,285189,Operational,6407/7-A-6 H,Subsea steel,Subsea,Equinor Energy AS,NO_6407/7,Crude Oil,,,,19971001,,330,73817.9340348,SINGLE WELL TEMPLATE; GAS INJECTION,7.2020083,64.2708139
Norway,456808,Operational,JOHAN SVERDRUP STATPIPE PLEM,,,Equinor Energy AS,,,,,,20191005,,128,4012.48976029,SUBSEA STRUCTURE; PIPELINE END MANIFOLD,5.0528944,59.3266111
Norway,278413,Decommissioned,YME B,Floating steel,Above water production,Repsol Norge AS,NO_9/2,Crude Oil,,,,19960227,,95,116447.602258,FSU; OFFLOADING - STORAGE,4.3560556,57.75425
Norway,277853,Operational,DRAUGEN B,Subsea steel,Subsea,OKEA ASA,NO_6407/9,Crude Oil,,,,19931019,,263,64980.6011221,MULTI WELL TEMPLATE; WATER INJECTION,7.7958167,64.4002639
Norway,285329,Operational,NJORD SDU-1,Subsea steel,Subsea,Equinor Energy AS,NO_6407/7,Crude Oil,,,,19971001,,330,73859.0026907,SUBSEA STRUCTURE; DISTRIBUTION,7.2012444,64.2709861
Norway,408458,Operational,SKARV A,Subsea steel,Subsea,Aker BP ASA,NO_6507/5,Natural Gas,,,,20121231,,324,163254.227147,MULTI WELL TEMPLATE; GAS PRODUCER - OIL PRODUCER,7.6558833,65.738675
Norway,377726,Operational,TYRIHANS D,Subsea steel,Subsea,Equinor Energy AS,NO_6406/3,Crude Oil,,,,20090708,,266,121969.449856,MULTI WELL TEMPLATE; OIL PRODUCER,6.9907167,64.7797389
Norway,708522,Under construction,ASKELADD NORD (J),,,Equinor Energy AS,,,,,,,,0.0,99205.9190293,MULTI WELL TEMPLATE; GAS PRODUCER,20.4113,71.4001083
Norway,283593,Operational,HEIDRUN D,Subsea steel,Subsea,Equinor Energy AS,NO_31/2-1,Crude Oil,,,,20000815,,358.5,158994.386679,MULTI WELL TEMPLATE; OIL PRODUCER,7.3359889,65.3618889
Norway,451934,Under construction,DVALIN,,,Wintershall Dea Norge AS,,,,,,20201001,,380,169981.680206,MULTI WELL TEMPLATE; GAS PRODUCER,7.1401694,65.4294333
Norway,441847,Operational,AASTA HANSTEEN B,,,Equinor Energy AS,,,,,,20181217,,1232,211368.016224,MULTI WELL TEMPLATE; GAS PRODUCER,7.0428833,67.0341861
Norway,409423,Operational,NORNE M,,,Equinor Energy AS,,,,,,20100501,,375,154434.986823,MULTI WELL TEMPLATE; OIL PRODUCER,8.0320889,66.0049278
Norway,417663,Operational,FOSSEKALL P,,,Equinor Energy AS,,,,,,20130313,,358,150149.149167,MULTI WELL TEMPLATE; OIL PRODUCER,8.2330139,66.1436972
Norway,710870,Operational,DUVA K,,,Neptune Energy Norge AS,,,,,,20210823,,359,29214.364858,MULTI WELL TEMPLATE; GAS PRODUCER - OIL PRODUCER,4.0674167,61.4002278
Norway,417781,Operational,DOMPAP S,Subsea steel,Subsea,Equinor Energy AS,NO_6608/10,Crude Oil,,,,20140401,,343,147650.973979,MULTI WELL TEMPLATE; OIL PRODUCER - WATER INJECTION,8.3330278,66.2346306
Norway,447355,Operational,MARIA G,,,Wintershall Dea Norge AS,,,,,,20171217,,304,139902.702615,MULTI WELL TEMPLATE; GAS PRODUCER - OIL PRODUCER - WATER INJECTION,6.9766722,64.9746278
Norway,408576,Operational,SKARV B/C VEST,Fixed steel,Subsea,Aker BP ASA,NO_6507/5,Natural Gas,,,,20121231,,375,164216.26652,MULTI WELL TEMPLATE; GAS PRODUCER - OIL PRODUCER,7.5890806,65.7039111
Norway,279253,Operational,NORNE C,Subsea steel,Subsea,Equinor Energy AS,NO_6608/10,Crude Oil,,,,19971114,,375,153636.859455,MULTI WELL TEMPLATE; WATER INJECTION,8.0560333,66.0144139
Norway,377689,Operational,TYRIHANS C,Subsea steel,Subsea,Equinor Energy AS,NO_6407/1,Crude Oil,,,,20090708,,268,122228.838359,MULTI WELL TEMPLATE; OIL PRODUCER,7.0117278,64.7898611
Norway,282473,Operational,HEIDRUN UMBILCAL BASE,Subsea steel,Other,Equinor Energy AS,NO_6507/7,,,,,19950815,,350,158946.40654,SUBSEA STRUCTURE; RISER BASE,7.3099944,65.3240222
Norway,287653,Operational,NJORD T,Subsea steel,Subsea,OKEA ASA,NO_6407/10,,,,,20071210,,330,67284.645133,SUBSEA STRUCTURE; T-CONNECTION,7.2599611,64.2053778
Norway,417412,Operational,6507/8-D-5 H,,,Equinor Energy AS,,,,,,20070201,,357,159058.677556,SINGLE WELL TEMPLATE; OIL PRODUCER,7.3352806,65.3628722
Norway,438886,Operational,DRAUGEN SSBP,,,OKEA ASA,,,,,,20161124,,259,61851.9799586,SUBSEA STRUCTURE; BOOSTER,7.7272028,64.3416361
Norway,278749,Operational,ÅSGARD G,Subsea steel,Subsea,Equinor Energy AS,NO_6506/11,Natural Gas,,,,19990520,,288,158753.449291,MULTI WELL TEMPLATE; GAS INJECTION - OIL PRODUCER,6.662,65.0882639
Norway,284125,Operational,6407/9-E-1 H,Subsea steel,Subsea,OKEA ASA,NO_6407/9,Crude Oil,,,,20021130,,293,54979.8459911,SINGLE WELL TEMPLATE; OIL PRODUCER,7.7308417,64.2624722
Norway,287541,Under construction,KOLLSNES T,,,Gassco AS,,,,,,,,308,25675.4236827,SUBSEA STRUCTURE; T-CONNECTION,4.2631333,60.6049778
Norway,453826,Under construction,SMØRBUKK NORD,,,Equinor Energy AS,,,,,,20201101,,300,167391.131836,SINGLE WELL TEMPLATE; GAS PRODUCER - OIL PRODUCER,6.9043361,65.2513972
Norway,278581,Operational,ÅSGARD I,Subsea steel,Subsea,Equinor Energy AS,NO_6506/12,Natural Gas,,,,19990520,,285,157949.441687,MULTI WELL TEMPLATE; OIL PRODUCER,6.68175,65.0853611
Norway,278637,Operational,ÅSGARD N,Subsea steel,Subsea,Equinor Energy AS,NO_6506/12,Natural Gas,,,,20001004,,272,161831.135802,MULTI WELL TEMPLATE; OIL PRODUCER,6.8514444,65.1739167
Norway,281857,Operational,DRAUGEN PLEM-106,Subsea steel,Other,OKEA ASA,NO_6407/9,,,,,19931019,,256,58774.5336183,SUBSEA STRUCTURE; PIPELINE END MANIFOLD,7.8442278,64.3468028
Norway,287429,Operational,KRISTIN T,Subsea steel,Subsea,Gassco AS,NO_6406/3,,,,,20051105,,319,144828.651312,SUBSEA STRUCTURE; T-CONNECTION,6.7697806,64.9666139
Norway,356244,Operational,DRAUGEN C,Subsea steel,Subsea,OKEA ASA,NO_6407/9,Crude Oil,,,,19931019,,276,58907.5125535,MULTI WELL TEMPLATE; WATER INJECTION,7.7384083,64.3107111
Norway,408635,Operational,SKARV B/C ØST,Fixed steel,Subsea,Aker BP ASA,NO_6507/5,Natural Gas,,,,20121231,,375,164156.807392,MULTI WELL TEMPLATE; GAS PRODUCER - OIL PRODUCER,7.5912889,65.7043694
Norway,284909,Operational,6407/7-A-13 H,Subsea steel,Subsea,Equinor Energy AS,NO_6407/7,Crude Oil,,,,20020101,,330,73842.8780225,SINGLE WELL TEMPLATE; OIL PRODUCER,7.2019889,64.2711722
Norway,435301,Operational,6407/9-G-3 H,,,OKEA ASA,,,,,,20160623,,268,60945.1854867,SINGLE WELL TEMPLATE; OIL PRODUCER,7.7526611,64.3403556
Norway,410887,Operational,GOLIAT FPSO,,,Vår Energi ASA,,,,,,20160312,,371,54153.7957127,FPSO; OFFLOADING - OIL PRODUCER - PROCESSING - QUARTER,22.2525083,71.3110389
Norway,287765,Decommissioned,YME-STL,Other,Other,Repsol Norge AS,NO_9/2,Crude Oil,,,,19960227,,94,101884.10412,LOADING SYSTEM,4.5500528,57.8343
Norway,284993,Operational,6407/7-A-14 H,Subsea steel,Subsea,Equinor Energy AS,NO_6407/7,Crude Oil,,,,19971001,,330,73853.5315047,SINGLE WELL TEMPLATE; OIL PRODUCER,7.2017806,64.2712111
Norway,364278,Operational,SNØHVIT D,Subsea steel,Subsea,Equinor Energy AS,NO_7121/4,Natural Gas,,,,20070821,,337,99228.2973601,MULTI WELL TEMPLATE; GAS PRODUCER,21.273,71.5921667
Norway,708225,Under construction,ASKELADD SØR (L),,,Equinor Energy AS,,,,,,,,0.0,94403.3207838,MULTI WELL TEMPLATE; GAS PRODUCER,20.3899417,71.34095
Norway,451420,Operational,6507/5-L-1H ÆRFUGL,,,Aker BP ASA,,,,,,20201112,,406,163879.640321,SINGLE WELL TEMPLATE; GAS PRODUCER,7.4903028,65.6270611
Norway,411354,Operational,GOLIAT I,,,Vår Energi ASA,,,,,,20160312,,327,47425.6241936,MULTI WELL TEMPLATE; WATER INJECTION,22.2511722,71.2424472
Norway,278609,Operational,ÅSGARD L,Subsea steel,Subsea,Equinor Energy AS,NO_6506/12,Natural Gas,,,,19990520,,288,160162.974728,MULTI WELL TEMPLATE; OIL PRODUCER,6.7826944,65.13825
Norway,404044,Operational,YME SLS,Other,Other,Repsol Norge AS,NO_9/2,Crude Oil,,,,20211025,,93,102303.896143,LOADING SYSTEM; OFFLOADING,4.5573889,57.8241833
Norway,285245,Operational,6407/7-A-8 H,Subsea steel,Subsea,Equinor Energy AS,NO_6407/7,Crude Oil,,,,19971001,,330,73808.4136225,SINGLE WELL TEMPLATE; OIL PRODUCER,7.2024111,64.2709028
Norway,360488,Operational,KRISTIN N,Subsea steel,Subsea,Equinor Energy AS,NO_6506/11,Natural Gas,,,,20051103,,368,158717.300245,MULTI WELL TEMPLATE; GAS PRODUCER,6.4796056,65.0281111
Norway,282613,Operational,ÅSGARD ERB,Subsea steel,Other,Gassco AS,NO_6506/12,,,,,20001001,,305,156795.340592,SUBSEA STRUCTURE; RISER BASE,6.7990528,65.1066861
Norway,280177,Decommissioned,DRAUGEN FLP,Other,Other,OKEA ASA,NO_6407/9,Crude Oil,,,,19931019,,258,58893.3378672,LOADING SYSTEM; OFFLOADING,7.8406944,64.347
Norway,284153,Operational,6407/9-E-2 H,Subsea steel,Subsea,OKEA ASA,NO_6407/9,Crude Oil,,,,20021130,,293,54938.7561929,SINGLE WELL TEMPLATE; OIL PRODUCER,7.7308611,64.2620194
Norway,278049,Operational,HEIDRUN B,Subsea steel,Subsea,Equinor Energy AS,NO_6507/7,Crude Oil,,,,19950815,,339,160744.848972,MULTI WELL TEMPLATE; WATER INJECTION,7.2625,65.3127778
Norway,435244,Operational,6407/9-G-1 H,,,OKEA ASA,,,,,,20141101,,259,62552.9796359,SINGLE WELL TEMPLATE; OIL PRODUCER,7.71775,64.3464083
Norway,283761,Operational,6407/7-A-9 H,Subsea steel,Subsea,Equinor Energy AS,NO_6407/7,Crude Oil,,,,19971001,,330,73802.4457396,SINGLE WELL TEMPLATE; GAS INJECTION - OIL PRODUCER,7.2026389,64.2709444
Norway,378362,Operational,ALVE,Subsea steel,Subsea,Equinor Energy AS,NO_6507/3,Natural Gas,,,,20090319,,390,163196.985345,MULTI WELL TEMPLATE; OIL PRODUCER,7.8101028,65.9684444
Norway,403472,Operational,GJØA E,Subsea steel,Subsea,Neptune Energy Norge AS,NO_36/7,Condensate,,,,20101107,,370,30630.7918031,MULTI WELL TEMPLATE; GAS PRODUCER - OIL PRODUCER,4.0147444,61.3636389
Norway,406437,Operational,ORMEN LANGE D,Subsea steel,Subsea,A/S Norske Shell,NO_6305/5,Natural Gas,,,,20100712,,854,84611.2818131,MULTI WELL TEMPLATE; GAS PRODUCER,5.3137528,63.3863389
Norway,403775,Operational,YME BETA,Subsea steel,Subsea,Repsol Norge AS,NO_9/2,Crude Oil,,,,20211025,,77,115728.128143,MULTI WELL TEMPLATE; OIL PRODUCER - WATER INJECTION,4.3687194,57.7563
Norway,278777,Operational,ÅSGARD K,Subsea steel,Subsea,Equinor Energy AS,NO_6506/12,Natural Gas,,,,20001004,,296,161709.889361,MULTI WELL TEMPLATE; GAS INJECTION - OIL PRODUCER,6.707,65.1338333
Norway,391270,Under construction,ÅSGARD D,Subsea steel,Subsea,,NO_6506/11,,,,,,,300,158356.956976,SINGLE WELL TEMPLATE,6.6112333,65.068075
Norway,360577,Operational,KRISTIN P,Subsea steel,Subsea,Equinor Energy AS,NO_6506/11,Natural Gas,,,,20051227,,372,158833.612609,MULTI WELL TEMPLATE; GAS PRODUCER,6.4382139,65.0146306
Norway,282025,Operational,HEIDRUN SDU,Subsea steel,Other,Equinor Energy AS,NO_6507/7,,,,,20000815,,345,158669.265061,SUBSEA STRUCTURE; DISTRIBUTION,7.3172222,65.3255556
Norway,438207,Operational,6407/9-G-2 H,,,OKEA ASA,,,,,,20160612,,245,62419.5758331,SINGLE WELL TEMPLATE; OIL PRODUCER,7.7913472,64.3705361
Norway,282221,Operational,NORNE ERB,Subsea steel,Other,Gassco AS,NO_6608/10,,,,,20001001,,378,152563.337551,SUBSEA STRUCTURE; RISER BASE,8.0883889,66.0273056
Norway,281773,Operational,ÅSGARD O,Subsea steel,Subsea,Equinor Energy AS,NO_6506/12,Natural Gas,,,,20001004,,286,160171.882921,MULTI WELL TEMPLATE; WATER INJECTION,6.7847389,65.1389
Norway,285385,Operational,NJORD SDU-2,Subsea steel,Subsea,Equinor Energy AS,NO_6407/7,Crude Oil,,,,19971001,,330,73848.2951898,SUBSEA STRUCTURE; DISTRIBUTION,7.2015222,64.2709861
Norway,364390,Operational,SNØHVIT N,Subsea steel,Subsea,Equinor Energy AS,NO_7121/7,Natural Gas,,,,20070821,,325,94795.6897736,MULTI WELL TEMPLATE; GAS PRODUCER,21.0848611,71.4885278
Norway,713532,Operational,6507/3-G-1H ÆRFUGL,,,Aker BP ASA,,,,,,20211103,,368,165998.575423,SINGLE WELL TEMPLATE; GAS PRODUCER,7.7209722,65.9178167
Norway,411238,Operational,GOLIAT G,,,Vår Energi ASA,,,,,,20160312,,394,52612.1974094,MULTI WELL TEMPLATE; WATER INJECTION,22.3105611,71.3045278
Norway,280989,Operational,DRAUGEN D,Subsea steel,Subsea,OKEA ASA,NO_6407/9,Crude Oil,,,,20011101,,265,61996.934239,SUBSEA STRUCTURE; MANIFOLD STATION,7.7244667,64.3423333
Norway,284069,Operational,6407/9-D-1 H,Subsea steel,Subsea,OKEA ASA,NO_6407/9,Crude Oil,,,,20011213,,265,62024.3311886,SINGLE WELL TEMPLATE; OIL PRODUCER,7.7238417,64.342425
Norway,282557,Decommissioned,YME B ØST,Subsea steel,Subsea,Repsol Norge AS,NO_9/2,Crude Oil,,,,19960601,,82,116447.762887,MULTI WELL TEMPLATE; OIL PRODUCER,4.3560611,57.7542444
Norway,432093,Operational,6407/9-E-4 H,Subsea steel,Subsea,OKEA ASA,NO_6407/9,Crude Oil,,,,20141201,,296,55248.4571218,SINGLE WELL TEMPLATE; OIL PRODUCER,7.7036556,64.2564917
Norway,442087,Under construction,SNØHVIT G,,,Equinor Energy AS,,,,,,,,316,109332.223958,MULTI WELL TEMPLATE; GAS INJECTOR - GAS PRODUCER,21.0691778,71.6570417
Norway,285077,Operational,6407/7-A-17 H,Subsea steel,Subsea,Equinor Energy AS,NO_6407/7,Crude Oil,,,,19971001,,330,73887.3422,SINGLE WELL TEMPLATE; OIL PRODUCER,7.2011417,64.2713472
Norway,364827,Operational,NORNE H,Subsea steel,Subsea,Equinor Energy AS,NO_6608/10,Crude Oil,,,,20051108,,390,147024.851426,MULTI WELL TEMPLATE; WATER INJECTION,8.2508278,66.0776278
Norway,410948,Operational,GOLIAT B,,,Vår Energi ASA,,,,,,20160312,,387,51171.9698188,MULTI WELL TEMPLATE; OIL PRODUCER,22.2851417,71.2863972
Norway,278665,Operational,ÅSGARD H,Subsea steel,Subsea,Equinor Energy AS,NO_6506/12,Natural Gas,,,,20001004,,290,161176.683196,MULTI WELL TEMPLATE; OIL PRODUCER,6.6742778,65.1185722
Norway,417722,Operational,FOSSEKALL R,,,Equinor Energy AS,,,,,,20130313,,358,150022.869605,MULTI WELL TEMPLATE; OIL PRODUCER - WATER INJECTION,8.2369694,66.1447833
Norway,425460,Operational,DRAUGEN FSL,Others,Subsea,OKEA ASA,NO_6407/9,Crude Oil,,,,20121015,,258,58773.5501291,LOADING SYSTEM; OFFLOADING,7.8458639,64.3473111
Norway,394760,Closed down,6507/11-V H YTTERGRYTA,Subsea steel,Subsea,Equinor Energy AS,NO_6507/11,Natural Gas,,,,20090106,,297,136861.875764,SINGLE WELL TEMPLATE; GAS PRODUCER,7.5092222,65.1116111
Norway,437497,Operational,ÅSGARD PB,,,Equinor Energy AS,,,,,,20150904,,310,147841.502325,MULTI WELL TEMPLATE; GAS INJECTION - OIL PRODUCER,6.8760028,65.0318361
Norway,415218,Operational,ORMEN LANGE C,Fixed steel,Subsea,A/S Norske Shell,NO_6305/5,Natural Gas,,,,20121115,,925,98503.0490951,MULTI WELL TEMPLATE; GAS PRODUCER,5.3484194,63.572775
Norway,285749,Closed down,6407/9-A-58 H,Subsea steel,Subsea,OKEA ASA,NO_6407/9,Crude Oil,,,,19931019,,243,59361.374293,SINGLE WELL TEMPLATE; GAS INJECTION,7.9604083,64.3854694
Norway,443503,Operational,HEIDRUN FSU,,,Equinor Energy AS,,,,,,20150601,,0.0,157064.822394,FSU; OFFLOADING - STORAGE,7.3658694,65.3436194
Norway,405219,Operational,MOR-B,Subsea steel,Subsea,Equinor Energy AS,NO_6506/11,Crude Oil,,,,20100801,,360,170054.326252,MULTI WELL TEMPLATE; GAS INJECTION - OIL PRODUCER,6.4972472,65.1631528
Norway,450531,Operational,TRESTAKK A,,,Equinor Energy AS,,,,,,20190716,,300,134027.584984,MULTI WELL TEMPLATE; GAS INJECTION - OIL PRODUCER,6.8376194,64.8661333
Norway,285105,Operational,6407/7-A-18 H,Subsea steel,Subsea,Equinor Energy AS,NO_6407/7,Crude Oil,,,,19971001,,330,73896.8720582,SINGLE WELL TEMPLATE; OIL PRODUCER,7.2009333,64.2713694
Norway,279533,Operational,HEIDRUN TEMPLATE,Subsea steel,Subsea,Equinor Energy AS,NO_6507/7,Crude Oil,,,,19950815,,345,158657.34078,MULTI WELL TEMPLATE; OIL PRODUCER,7.3176306,65.3257639
Norway,411296,Operational,GOLIAT H,,,Vår Energi ASA,,,,,,20160312,,387,51136.0734197,MULTI WELL TEMPLATE; WATER INJECTION,22.2881194,71.2865083
Norway,371216,Operational,ORMEN LANGE B,Subsea steel,Subsea,A/S Norske Shell,NO_6305/5,Natural Gas,,,,20070913,,850,93427.3011133,MULTI WELL TEMPLATE; GAS PRODUCER,5.3878944,63.5283694
Norway,287681,Operational,HEIDRUN STL-I,Other,Other,Equinor Energy AS,NO_6507/8,Crude Oil,,,,19951019,,343,155634.412195,LOADING SYSTEM; OFFLOADING,7.3815556,65.3205528
Norway,278861,Operational,ÅSGARD R,Subsea steel,Subsea,Equinor Energy AS,NO_6506/12,Crude Oil,,,,19990520,,305,147310.767229,MULTI WELL TEMPLATE; GAS INJECTION,6.9019556,65.0334028
Norway,391213,Operational,6407/9-E-3 H,Subsea steel,Subsea,OKEA ASA,NO_6407/9,Crude Oil,,,,20080615,,293,54925.0968853,SINGLE WELL TEMPLATE; OIL PRODUCER,7.73205,64.26225
Norway,360533,Operational,KRISTIN R,Subsea steel,Subsea,Equinor Energy AS,NO_6406/2,Natural Gas,,,,20060122,,356,154277.367217,MULTI WELL TEMPLATE; GAS PRODUCER,6.4385528,64.9602111
Norway,411006,Operational,GOLIAT C,,,Vår Energi ASA,,,,,,20160312,,376,50391.5568069,MULTI WELL TEMPLATE; OIL PRODUCER,22.2787611,71.2775472
Norway,441904,Operational,AASTA HANSTEEN C,,,Equinor Energy AS,,,,,,20181217,,1260,217894.423434,SINGLE WELL TEMPLATE; GAS PRODUCER,6.8817278,67.0458278
Norway,284797,Operational,6407/7-A-12 H,Subsea steel,Subsea,Equinor Energy AS,NO_6407/7,Crude Oil,,,,19971001,,330,73832.5444227,SINGLE WELL TEMPLATE; OIL PRODUCER,7.2021889,64.2711333
Norway,410829,Operational,MARULK,,,Vår Energi ASA,,,,,,20120402,,368,174254.753203,MULTI WELL TEMPLATE; OIL PRODUCER,7.5436389,65.933475
